dateTime,Lon,Lat,Altitude,Speed,Vspeed,Course,监测站点,峰值时间,持续时间,Leq,SEL,Lmax,flight_number,Aircraft_model,SiteLon,SiteLat,SiteAltitude,AirTemperature,BarometricPressure,RelativeHumidity,WindSpeed,Distance,timestamp
2025-03-01 06:20:35,126.2669387,45.6602573,809.7,329.700711,8.0,332.331627,八里堡,6:20:49,25,63.3,69.32,72.8,3U3303,A320,126.289,45.651,0,-7.9,998.5,50.2,4.2,2161.360003515478,1740810035
2025-03-01 06:36:26,125.8945698,45.6524568,3995.2,547.255956,13.5,168.8645,半岛世家,6:36:40,24,65.47,78.02,70.6,MU5649,A320NEO,126.279,45.631,0,-8.0,998.6,50.7,3.5,30339.121307674523,1740810986
2025-03-01 07:07:11,125.672084,45.481293,5433.0,646.454123,8.0,219.06997,八里堡,7:07:40,36,69.12,78.15,78.1,MF8098,B738,126.289,45.651,0,-7.9,998.8,50.5,3.9,52028.410674682775,1740812831
2025-03-01 07:07:24,125.8689525,45.585952,3577.2,498.814397,13.0,118.69678,半岛世家,7:07:44,33,65.34,78.13,71.5,MF8098,B738,126.279,45.631,0,-7.9,998.8,50.5,3.8,32582.352661965066,1740812844
2025-03-01 07:36:17,125.9263221,45.7265979,3740.9,434.026485,9.6,192.604773,八里堡,7:36:31,33,69.95,78.4,78.3,HO1914,A321NEO,126.289,45.651,0,-7.7,999.0,49.2,3.7,29719.28251686209,1740814577
2025-03-01 07:37:30,126.1010317,45.6829774,2322.7,403.20116,8.9,227.206131,八里堡,7:37:44,31,58.52,58.52,84.3,LT4349,A321,126.289,45.651,0,-7.7,999.0,49.2,3.8,15253.380477833118,1740814650
2025-03-01 07:38:56,126.0701377,45.6932243,2820.4,470.270641,11.1,283.440459,徐家窝棚,7:38:59,47,74.21,74.21,84.3,LT4349,A321,126.259,45.656,161,-7.7,999.0,49.0,3.8,15519.081950366492,1740814736
2025-03-01 07:48:54,126.0415908,45.640973,3081.2,472.647887,10.7,211.825545,徐家窝棚,7:49:24,32,62.8,62.8,74.5,EU2795,ARJ21,126.259,45.656,161,-7.7,999.1,49.1,3.3,17282.466603389075,1740815334
2025-03-01 08:13:47,125.9504717,45.673577,2908.3,471.928876,8.9,184.127995,半岛世家,8:14:05,34,66.37,79.16,72.4,CZ6259,A333,126.279,45.631,0,-7.7,999.2,49.4,3.4,26209.145697192194,1740816827
2025-03-01 08:31:43,125.8364475,45.6852438,3729.2,524.02701,9.0,218.981599,苇塘沟屯,8:31:57,31,55.89,55.89,87.3,CZ6219,A333,126.279,45.661,0,-7.5,999.0,48.7,4.2,34798.41034480963,1740817903
2025-03-01 08:32:15,125.9904709,45.6379603,2785.3,426.023162,7.0,274.982184,八里堡,8:32:29,31,65.05,65.05,76.7,CZ6219,A333,126.289,45.651,0,-7.5,999.0,48.5,4.1,23488.5721800009,1740817935
2025-03-01 08:34:10,125.8732444,45.6060767,3634.1,549.07578,5.8,199.816576,苇塘沟屯,8:34:25,35,70.65,82.69,76.7,HU7627,B738,126.279,45.661,0,-7.5,999.0,48.7,3.5,32434.86753971631,1740818050
2025-03-01 08:37:25,125.8668409,45.7465331,2880.6,504.115438,13.4,246.982096,半岛世家,8:37:43,33,65.36,76.49,72.7,LT4319,A321,126.279,45.631,0,-7.3,999.0,49.2,4.0,34705.893727126124,1740818245
2025-03-01 08:42:53,125.9689801,45.6212117,2526.2,408.709328,8.3,130.192679,苇塘沟屯,8:43:07,34,69.49,82.04,75.9,CA1640,A332,126.279,45.661,0,-7.3,998.9,48.6,3.9,24705.503451845307,1740818573
2025-03-01 10:00:24,126.2462436,45.6748463,913.2,337.995903,13.0,327.984988,徐家窝棚,10:00:38,32,65.85,75.85,74.0,EU2849,ARJ21,126.259,45.656,161,-6.5,997.5,49.7,3.2,2437.737280593896,1740823224
2025-03-01 11:36:57,125.9560722,45.4369832,1272.0,351.68066,4.5,60.844309,半岛世家,11:37:17,36,67.68,81.83,72.8,CA1644,B737,126.279,45.631,0,-5.6,997.9,52.2,4.0,33212.58234894503,1740829017
2025-03-01 14:20:26,125.9750638,45.5164438,1999.0,395.017883,9.4,88.423694,松山小学,14:20:42,33,58.48,58.48,84.3,ZH221,A320,126.275,45.685,0,-4.3,998.6,44.3,4.9,30046.991409222377,1740838826
2025-03-01 14:35:11,126.1329686,45.6352728,1373.7,348.129775,6.8,189.039399,苇塘沟屯,14:35:25,31,63.51,73.51,78.5,CZ6658,A359,126.279,45.661,0,-4.5,999.0,47.9,4.7,11818.564929333656,1740839711
2025-03-01 14:35:17,126.1081825,45.647554,1577.5,363.8762,7.6,193.97685,徐家窝棚,14:35:47,44,71.73,71.73,85.4,CZ6658,A359,126.259,45.656,161,-4.5,999.0,47.9,4.7,11879.66481916682,1740839717
2025-03-01 14:51:24,126.1711989,45.605517,2139.4,377.585205,7.8,211.094175,徐家窝棚,14:51:31,33,59.69,59.69,75.4,MU2598,B738,126.259,45.656,161,-4.7,999.0,49.1,3.6,9071.845885433962,1740840684
2025-03-01 17:16:20,126.1372874,45.6757533,1621.0,381.551137,7.5,198.748696,徐家窝棚,17:16:34,31,62.99,62.99,76.3,GX8824,A320NEO,126.259,45.656,161,-7.4,1001.3,45.9,4.2,9845.834741376591,1740849380
2025-03-01 17:22:57,126.0471301,45.5988939,2803.6,428.565498,9.0,182.49842,苇塘沟屯,17:23:17,60,73.04,84.18,81.9,HU7326,A333,126.279,45.661,0,-7.5,1001.4,47.6,3.6,19559.79936927393,1740849777
2025-03-01 17:28:32,125.7301116,45.5886216,6371.6,618.162058,11.2,223.100666,八里堡,17:29:06,35,69.15,79.15,77.5,MU2174,B738,126.289,45.651,0,-7.7,1001.6,47.6,4.4,44615.93781598134,1740850112
2025-03-01 18:04:53,126.0550152,45.6254943,2070.9,413.216792,8.2,207.620789,徐家窝棚,18:05:06,31,47.16,47.16,80.1,CZ3634,A333,126.259,45.656,161,-8.6,1002.6,50.3,1.7,16375.287456093029,1740852293
2025-03-01 18:19:16,126.200432,45.746046,2072.0,412.035664,19.0,318.644489,农丰满族锡伯族镇中心学校,18:19:30,31,65.77,78.32,71.3,ZH9623,A319,126.12,45.5,0,-8.9,1002.8,50.8,2.6,28137.64368456976,1740853156
2025-03-02 06:29:55,126.0432195,45.6989332,2680.0,364.184283,12.0,149.867325,徐家窝棚,06:30:09,24,62.15,62.15,74.1,MU5489,A320NEO,126.259,45.656,161,-15.8,1010.2,62.0,0.8,17660.456619981138,1740896995
2025-03-02 06:32:55,126.0592246,45.717557,2822.2,451.249379,11.2,220.697361,徐家窝棚,06:33:09,24,56.69,56.69,76.0,GJ8187,A320NEO,126.259,45.656,161,-15.8,1010.2,61.4,2.0,17210.841743916062,1740897175
2025-03-02 07:29:15,126.098715,45.7031338,2367.4,448.286764,9.9,295.191645,徐家窝棚,07:29:29,31,61.7,61.7,73.2,3U6406,A321NEO,126.259,45.656,161,-14.8,1011.3,58.1,0.6,13723.218253881656,1740900555
2025-03-02 08:43:38,125.8217642,45.5325696,3804.8,461.925938,9.4,226.070912,徐家窝棚,08:43:48,32,66.5,79.92,71.1,EU1921,ARJ21,126.259,45.656,161,-12.1,1011.7,50.6,0.6,36962.61812938596,1740905018
2025-03-02 08:44:36,126.158171,45.6530087,1307.0,378.632008,11.3,197.457276,八里堡,08:44:50,34,55.67,55.67,80.9,ZH9753,A320NEO,126.289,45.651,0,-12.0,1011.7,50.9,0.6,10284.66197934865,1740905076
2025-03-02 09:02:32,125.8238337,45.6363187,4726.7,620.77199,9.0,155.836711,苇塘沟屯,09:02:44,33,70.04,82.08,76.3,SC8413,B738,126.279,45.661,0,-10.5,1011.7,45.7,0.4,35912.54659942606,1740906152
2025-03-02 11:30:45,126.1675933,45.538904,431.2,290.231162,6.7,91.575211,徐家窝棚,11:30:58,31,59.37,62.38,77.3,9C8672,A320NEO,126.259,45.656,161,-5.5,1011.8,25.3,1.4,14843.597499386591,1740915045
2025-03-02 15:36:21,126.0695781,45.6036634,1851.9,370.359841,6.3,172.741947,徐家窝棚,15:36:33,37,74.72,74.72,86.1,8L9592,B738,126.259,45.656,161,-4.3,1010.0,29.4,2.3,15967.176950624593,1740929781
2025-03-02 16:43:28,126.2065065,45.5937472,595.3,281.555063,6.0,185.442107,八里堡,16:43:42,31,61.31,66.08,82.9,CA1624,A321,126.289,45.651,0,-5.1,1009.9,36.4,0.3,9068.857302904662,1740933808
2025-03-02 17:36:06,126.0466909,45.7002047,3579.6,533.728828,13.5,191.351199,徐家窝棚,17:36:09,33,61.02,61.02,82.6,HU7430,B738,126.259,45.656,161,-7.1,1010.3,44.7,0.7,17595.833043421237,1740936966
2025-03-02 19:00:25,126.2110827,45.6297027,811.3,351.01905,4.5,285.090875,徐家窝棚,19:00:39,26,61.05,61.05,76.0,GJ8540,A320NEO,126.259,45.656,161,-8.6,1010.9,50.8,0.1,4787.908475714515,1740942025
2025-03-02 21:36:51,126.0462083,45.6327885,2344.5,448.984948,9.4,155.426793,八里堡,21:37:03,29,68.91,80.37,76.0,HU7210,B789,126.289,45.651,0,-11.1,1011.1,63.1,0.1,19183.604151518182,1740951411
2025-03-02 21:37:05,126.045126,45.6570124,2524.0,478.371894,11.1,263.730915,苇塘沟屯,21:37:18,26,70.17,83.78,74.2,HU7210,B789,126.279,45.661,0,-11.1,1011.1,63.0,0.1,18410.42932698824,1740951425
2025-03-02 22:07:54,126.0423806,45.6354198,2402.2,461.123989,7.9,208.187838,徐家窝棚,22:08:09,25,60.21,60.21,73.5,CZ8963,A320NEO,126.259,45.656,161,-11.6,1011.2,62.2,0.3,17191.165357077265,1740953274
2025-03-03 06:42:24,126.0712286,45.4603024,1871.0,438.350223,12.6,219.441977,农丰满族锡伯族镇中心学校,06:42:38,24,59.74,62.75,72.1,GJ8239,A321NEO,126.12,45.5,0,-15.7,1012.0,61.8,0.1,6125.137814000182,1740984144
2025-03-03 07:17:35,126.1227938,45.5033907,1227.3,386.268324,10.2,217.848949,农丰满族锡伯族镇中心学校,07:17:48,31,53.95,53.95,78.3,HU7627,B738,126.12,45.5,0,-14.4,1012.2,58.9,0.09,1302.303116792422,1740986255
2025-03-03 08:16:49,126.2347592,45.6386323,967.2,330.655539,6.9,184.398357,厢白二屯,08:17:03,39,73.13,73.13,86.6,MU9815,A320,126.165,45.557,0,-11.2,1012.6,48.4,0.06,10625.153250724556,1740989809
2025-03-03 09:01:06,125.943581,45.400325,5471.0,669.790546,10.0,147.13943,林场村,09:01:20,31,66.09,78.39,71.3,9H8365,B738,126.323,45.682,0,-8.4,1012.4,37.3,0.6,43470.60851942351,1740992466
2025-03-03 09:07:52,126.1406618,45.536507,1522.6,366.341326,7.8,232.445653,厢白五屯,09:08:07,33,66.04,78.83,71.4,EU2747,ARJ21,126.186,45.564,0,-7.8,1012.2,38.1,0.2,4918.826180373476,1740992872
2025-03-03 09:31:56,126.2641462,45.7353884,607.6,302.23777,4.2,123.754748,林场村,09:32:17,50,72.85,72.85,84.3,CA8301,A333,126.323,45.682,0,-7.2,1012.0,31.1,1.8,7522.518247803843,1740994316
2025-03-03 10:04:39,126.19796,45.5678443,583.7,309.964527,11.0,218.856062,厢白五屯,10:04:52,31,65.31,76.77,72.1,CZ6271,A333,126.186,45.564,0,-6.2,1011.7,28.7,0.1,1181.149902992943,1740996279
2025-03-03 10:35:46,126.2797062,45.642436,838.3,319.697184,4.9,165.411374,林场村,10:36:00,33,65.19,76.65,73.3,EU2796,ARJ21,126.323,45.682,0,-4.5,1011.8,25.4,2.3,5606.011328327628,1740998146
2025-03-03 10:48:10,126.0614172,45.5912562,1224.6,401.860608,8.0,158.481861,农丰满族锡伯族镇中心学校,10:48:24,32,74.68,74.68,89.7,ZH9759,A320NEO,126.12,45.5,0,-4.7,1011.7,23.3,0.1,11194.784782224142,1740998890
2025-03-03 12:15:21,126.1653525,45.6766908,1316.7,348.806013,4.5,145.289869,林场村,12:15:35,31,59.27,66.26,74.4,9C8683,A320NEO,126.323,45.682,0,-3.0,1011.7,23.9,2.1,12367.963144135589,1741004121
2025-03-03 12:24:42,126.132068,45.6403656,2985.5,471.681356,6.8,149.667876,八里堡,12:24:56,32,50.14,53.15,77.2,MU6959,B738,126.289,45.651,0,-2.8,1011.7,24.7,2.1,12650.981032916694,1741004682
2025-03-03 12:45:21,126.1761463,45.6618971,1355.8,372.260369,3.9,120.46723,西下坎,12:45:39,37,72.93,72.93,88.9,MU6347,A332,126.298,45.671,0,-2.5,1011.7,25.5,2.9,9646.260481369836,1741005921
2025-03-03 12:48:13,126.1432064,45.5968731,1733.7,410.402192,6.3,143.238886,西下坎,12:48:21,31,56.08,56.08,75.9,MU9814,A320,126.298,45.671,0,-2.6,1011.7,24.5,2.9,14717.925513112034,1741006093
2025-03-03 14:40:19,126.1432858,45.5530474,2285.6,442.951795,8.8,219.746411,厢白二屯,14:40:32,61,74.79,74.79,83.2,MF8740,B737,126.165,45.557,0,-0.4,1010.5,24.2,2.0,2879.709047644184,1741012819
2025-03-03 14:47:25,126.0549683,45.6239997,1413.6,390.496903,4.0,117.17073,厢白头屯,14:47:39,31,62.0,62.0,72.8,PN6340,A321,126.181,45.535,0,-0.8,1010.4,24.2,0.1,14022.986676923543,1741013245
2025-03-03 15:18:27,126.2114809,45.720597,1007.6,367.037036,5.3,143.366195,林场村,15:18:41,32,60.69,60.69,75.1,MU5198,A320NEO,126.323,45.682,0,-0.1,1010.1,23.8,0.9,9739.733358196916,1741015107
2025-03-03 15:49:51,126.145805,45.5895791,1591.1,378.959103,7.8,156.542586,厢白头屯,15:49:54,31,62.89,62.89,78.3,GJ8788,A320NEO,126.181,45.535,0,-1.3,1009.8,26.1,0.5,6847.624686387413,1741016991
2025-03-03 16:11:12,125.997709,45.396253,2834.0,497.509389,8.0,219.259391,厢白五屯,16:11:36,76,74.01,88.48,82.0,EU2797,ARJ21,126.186,45.564,0,-1.9,1009.4,26.4,1.4,23928.87898111161,1741018272
2025-03-03 18:34:45,126.009156,45.4050255,2159.5,516.90912,9.8,214.838911,林场村,18:34:59,31,65.58,78.13,70.3,MF8806,B738,126.323,45.682,0,-6.2,1010.2,36.6,0.1,39415.40947670415,1741026885
2025-03-03 18:43:55,126.1996775,45.56958,415.0,287.871344,13.0,220.041547,厢白五屯,18:44:12,39,69.34,81.38,76.1,CZ6203,A350,126.186,45.564,0,-6.6,1010.2,39.4,0.1,1302.6961861287862,1741027435
2025-03-03 19:14:59,126.200947,45.5706393,375.7,310.396526,11.0,219.674257,厢白五屯,19:15:16,36,71.25,83.55,77.3,HU7326,A333,126.186,45.564,0,-6.5,1010.1,37.5,0.1,1430.8320477440684,1741029299
2025-03-03 19:15:26,126.182317,45.5545315,719.5,306.610891,12.0,219.362455,厢白头屯,19:15:40,26,65.53,68.54,74.1,HU7326,A333,126.181,45.535,0,-6.5,1010.1,37.6,0.1,2289.3384769967333,1741029326
2025-03-03 19:53:55,126.2751704,45.6329734,890.4,316.265515,7.1,222.128497,厢白五屯,19:54:12,34,70.34,82.64,76.5,HU7210,B789,126.186,45.564,0,-7.8,1010.1,44.9,0.1,10391.216803711884,1741031635
2025-03-03 21:39:09,126.0350055,45.6251817,1051.2,386.117199,7.5,146.052932,厢白五屯,21:39:25,32,69.52,80.98,76.1,GS7920,EMB195,126.186,45.564,0,-8.5,1010.0,51.5,0.1,13644.854947479123,1741037949
2025-03-04 08:07:01,125.9478367,45.4492789,3844.3,534.807767,9.0,137.760485,立功村,08:07:14,31,65.75,77.51,72.9,HO1914,A321NEO,126.274,45.63,0,-7.5,1007.4,54.8,0.5,32677.057910091007,1741075621
2025-03-04 08:24:15,126.0388768,45.7240992,2758.2,516.445236,9.5,278.471458,八里堡,08:24:29,31,62.71,68.73,73.8,FU6693,B738,126.289,45.651,0,-6.6,1007.3,50.1,1.8,21294.13867762791,1741076655
2025-03-04 08:24:51,125.9141727,45.7157034,3579.2,568.912179,12.1,263.32445,松山小学,08:24:56,35,74.76,83.79,81.0,FU6693,B738,126.275,45.685,0,-6.6,1007.3,49.9,1.4,28541.0106553826,1741076691
2025-03-04 08:26:37,126.0246473,45.6988836,3019.1,559.672713,9.4,264.010697,松山小学,08:26:47,60,72.94,88.25,78.6,CZ6219,A333,126.275,45.685,0,-6.5,1007.2,49.5,2.8,19797.60944060965,1741076797
2025-03-04 08:29:53,126.0254742,45.6761269,3019.4,529.069939,11.9,272.906535,松山小学,08:30:07,31,56.84,56.84,76.2,CZ8639,A320,126.275,45.685,0,-6.4,1007.2,47.8,3.1,19702.33969122892,1741076993
2025-03-04 08:33:08,125.8840258,45.667177,3415.8,517.486107,8.3,209.77293,徐家窝棚,08:33:22,31,58.34,58.34,76.8,JR1505,B738,126.259,45.656,161,-6.2,1007.2,47.5,2.2,29438.318819696105,1741077188
2025-03-04 09:11:20,126.0847794,45.7288134,2273.7,499.040886,8.2,298.1226,八里堡,09:11:36,37,74.59,82.37,85.0,MF8745,B738,126.289,45.651,0,-3.9,1006.5,37.2,4.3,18252.13070628304,1741079480
2025-03-04 09:31:21,126.0136251,45.5437032,2617.3,447.277406,6.8,227.015241,松山小学,09:31:42,33,61.29,61.29,82.6,LT6667,A321,126.275,45.685,0,-3.6,1006.1,36.0,3.9,25872.378381408573,1741080681
2025-03-04 10:39:09,126.2550722,45.5716719,2421.1,402.017813,5.9,177.534959,八里堡,10:39:23,31,54.22,57.23,76.2,SC8436,B738,126.289,45.651,0,-1.9,1005.4,31.0,3.2,9520.199577519485,1741084749
2025-03-04 11:00:02,126.2123781,45.6136071,618.8,298.989403,5.6,185.194357,苇塘沟屯,11:00:16,31,48.81,48.81,76.8,HO1755,A321NEO,126.279,45.661,0,-1.1,1005.5,30.3,0.7,7423.992693032796,1741086002
2025-03-04 12:23:06,126.0429867,45.6556376,2312.2,386.755136,8.6,154.344303,松山小学,12:23:16,45,73.81,86.11,78.8,9C7303,A320NEO,126.275,45.685,0,-0.1,1003.9,28.1,3.0,18519.36599536739,1741090986
2025-03-04 13:37:01,126.2365202,45.6156967,559.7,285.791134,7.3,243.03572,徐家窝棚,13:37:15,31,63.83,73.83,72.1,9C6804,A320NEO,126.259,45.656,161,0.7,1003.2,28.1,2.2,4826.947908980698,1741095421
2025-03-04 14:20:23,126.0803998,45.5648221,2420.6,435.129473,8.0,201.083733,松山小学,14:20:40,70,74.85,92.56,78.3,CZ3743,A321NEO,126.275,45.685,0,0.5,1003.0,35.5,2.8,20364.983618992028,1741098023
2025-03-04 14:26:09,125.923639,45.6149561,2780.9,460.528337,7.0,200.400602,松山小学,14:26:57,73,74.83,91.26,79.7,9C6426,A320NEO,126.275,45.685,0,0.2,1003.0,35.4,3.2,28615.20627402138,1741098369
2025-03-04 14:53:49,126.0968346,45.5925687,2786.4,455.796393,7.8,139.014745,松山小学,14:54:01,31,50.57,56.59,76.5,PN6340,A321,126.275,45.685,0,-0.1,1003.1,37.4,2.8,17503.92428346648,1741100029
2025-03-04 14:56:12,126.0712049,45.5838471,2239.8,420.59899,6.6,165.025819,松山小学,14:56:25,34,58.59,61.6,84.3,OZ340,A320NEO,126.275,45.685,0,-0.2,1003.1,37.3,3.2,19597.070259919463,1741100172
2025-03-04 14:57:24,126.0176616,45.6142551,2250.6,432.791047,7.9,212.450845,松山小学,14:57:38,31,53.41,61.19,78.5,OZ340,A320NEO,126.275,45.685,0,-0.2,1003.1,38.0,2.2,21666.697322998243,1741100244
2025-03-04 15:05:02,125.839097,45.431075,3687.4,576.815176,6.4,112.19242,松山小学,15:06:10,70,72.14,88.86,75.1,CZ8635,A330,126.275,45.685,0,-0.2,1003.0,38.2,2.7,44379.25971080872,1741100702
2025-03-04 15:07:02,126.1989288,45.6249944,770.8,346.875734,4.6,214.928078,松山小学,15:07:15,31,60.92,60.92,74.9,CZ8635,A330,126.275,45.685,0,-0.2,1003.0,38.0,2.3,8957.631927626124,1741100822
2025-03-04 17:06:37,126.0860252,45.4752215,1123.5,305.89371,5.8,33.476904,苇塘沟屯,17:06:54,38,69.54,81.84,75.4,HU7210,B789,126.279,45.661,0,-1.9,1002.6,50.8,1.7,25586.091738828916,1741107997
2025-03-04 17:40:40,126.272702,45.642929,403.0,313.56777,10.5,36.83732,八里堡,17:40:57,40,70.21,82.26,76.7,HU7326,A333,126.289,45.651,0,-2.3,1002.7,51.4,2.5,1606.6828045803732,1741110040
2025-03-04 18:42:42,126.1716436,45.5389686,561.8,294.518858,5.0,96.683839,苇塘沟屯,18:42:53,31,68.27,80.31,73.8,G54282,CRJ9,126.279,45.661,0,-2.9,1002.9,57.0,1.4,15951.4398780274,1741113762
2025-03-04 20:04:26,126.0790982,45.6880946,2456.4,496.491088,9.4,208.003134,苇塘沟屯,20:04:39,26,68.43,78.84,75.0,CZ3914,B788,126.279,45.661,0,-3.5,1003.0,59.2,0.7,16056.091636098516,1741118666
2025-03-04 21:23:23,126.0890704,45.592619,2294.7,403.454373,7.3,278.774127,八里堡,21:23:37,27,64.47,70.49,74.7,CA1622,A332,126.289,45.651,0,-3.7,1002.8,59.0,0.4,17046.79571892059,1741123403
2025-03-05 13:11:28,125.7476031,45.653943,5092.5,605.528234,5.2,237.797096,立功村,13:11:46,37,67.16,79.47,74.1,HU7074,A332,126.274,45.63,0,3.0,1003.3,40.2,3.2,41455.04793012411,1741180288
2025-03-05 13:11:34,125.8075071,45.5865659,4740.4,563.728243,6.7,181.604068,半岛世家,13:11:54,41,69.59,76.58,79.5,HU7074,A332,126.279,45.631,0,3.0,1003.3,40.3,3.1,37425.10925896505,1741180294
2025-03-05 13:11:54,125.758881,45.5552797,5414.4,603.978402,6.2,187.2372,八里堡,13:12:15,41,72.92,83.71,81.9,HU7074,A332,126.289,45.651,0,3.0,1003.3,40.4,2.9,43063.43918097649,1741180314
2025-03-05 13:12:01,125.9695067,45.6306122,3134.4,491.580842,6.2,139.970852,苇塘沟屯,13:12:21,45,74.95,86.09,83.2,HU7074,A332,126.279,45.661,0,3.0,1003.3,40.4,2.8,24568.83682851825,1741180321
2025-03-05 13:19:56,125.8664619,45.5588334,3351.4,536.432928,10.4,151.577317,立功村,13:20:10,37,67.45,79.21,73.1,MU6348,A332,126.274,45.63,0,3.6,1003.3,39.5,2.9,32947.48492305496,1741180796
2025-03-05 13:20:56,125.9097259,45.5147161,2900.9,456.315523,7.1,184.019632,八里堡,13:21:08,31,67.38,77.38,75.2,MU6348,A332,126.289,45.651,0,3.5,1003.3,39.5,2.0,33384.0278985843,1741180856
2025-03-05 13:32:06,126.0704122,45.4934792,741.4,304.265121,6.4,51.100156,立功村,13:32:22,38,68.14,78.93,75.1,CZ3616,B773,126.274,45.63,0,3.6,1003.2,43.1,0.7,21988.01653720421,1741181526
2025-03-05 13:32:10,126.0480895,45.4598344,1907.2,372.029087,6.5,67.989211,半岛世家,13:32:22,43,69.2,76.19,77.7,CZ3616,B773,126.279,45.631,0,3.6,1003.2,43.1,0.6,26285.61133473755,1741181530
2025-03-05 13:32:38,126.113906,45.5062652,1414.3,337.245725,5.7,48.810261,苇塘沟屯,13:32:59,40,70.5,82.26,78.3,CZ3616,B773,126.279,45.661,0,3.6,1003.3,43.2,0.9,21537.61208393002,1741181558
2025-03-05 13:53:35,125.8693412,45.583512,3670.5,583.197521,9.5,190.717364,八里堡,13:53:49,33,68.56,71.57,80.2,EU2819,ARJ21,126.289,45.651,0,3.2,1003.4,44.5,1.6,33789.54968827284,1741182815
2025-03-05 14:56:25,125.814358,45.370649,1143.0,471.303981,2.0,64.139783,立功村,14:56:48,35,66.18,77.64,74.6,CA1604,B738,126.274,45.63,0,2.9,1003.5,43.4,1.5,46077.08512993663,1741186585
2025-03-05 15:12:41,125.63167,45.379761,6225.0,768.301034,8.0,164.623752,八里堡,15:12:53,34,72.06,72.06,97.7,CZ8635,A330,126.289,45.651,0,2.9,1003.4,43.9,2.2,59907.83934980901,1741187561
2025-03-05 16:05:50,126.1665328,45.5467078,578.2,289.14,5.8,40.804063,苇塘沟屯,16:06:10,34,69.06,81.36,75.7,CZ3914,B788,126.279,45.661,0,1.9,1003.9,48.8,2.1,15449.977122120634,1741190750
2025-03-05 16:17:12,126.1348443,45.7083562,2153.0,415.901088,11.0,228.189563,立功村,16:17:26,31,64.3,75.44,71.5,EU2797,ARJ21,126.274,45.63,0,1.4,1004.0,49.8,1.9,14075.76533151758,1741191432
2025-03-05 16:30:36,125.6777655,45.7429735,5737.5,611.28626,11.0,258.996457,八里堡,16:30:49,31,69.42,81.72,75.0,SC4750,B738,126.289,45.651,0,1.0,1004.2,51.5,1.6,49049.52912684446,1741192236
2025-03-05 16:53:41,126.1573692,45.5403137,460.8,308.378472,6.0,48.309063,立功村,16:53:53,34,66.87,79.17,73.3,HU7210,B789,126.274,45.63,0,-0.1,1004.4,55.6,1.1,13506.708392386983,1741193621
2025-03-05 16:54:15,126.1182973,45.5427493,744.1,317.905843,7.0,35.895994,八里堡,16:54:23,31,69.46,82.89,74.3,HU7210,B789,126.289,45.651,0,-0.1,1004.4,55.8,0.7,17964.88815054912,1741193655
2025-03-05 16:54:16,126.1710623,45.5787137,671.1,309.865032,8.0,27.41608,苇塘沟屯,16:54:33,38,71.69,83.73,78.9,HU7210,B789,126.279,45.661,0,-0.1,1004.4,55.8,0.7,12448.9511614185,1741193656
2025-03-05 16:54:28,126.0993707,45.532461,814.7,321.724148,7.8,207.140514,太安村委会,16:54:42,31,62.59,65.6,73.1,HU7210,B789,126.273,45.69,0,-0.1,1004.4,55.8,0.7,22152.67379865288,1741193668
2025-03-05 17:24:03,125.990959,45.6245394,2883.6,422.201086,3.9,221.826769,八里堡,17:24:17,31,65.39,72.38,75.1,CZ6141,A333,126.289,45.651,0,-1.0,1004.4,59.6,1.4,23604.846546625296,1741195443
2025-03-05 17:32:35,126.0663736,45.5628984,2319.0,426.735025,6.5,131.833939,八里堡,17:32:54,40,72.08,84.86,78.2,HU7326,A333,126.289,45.651,0,-1.4,1004.5,60.9,0.9,20075.324499179584,1741195955
2025-03-05 17:41:22,125.985703,45.6825115,2779.6,454.236582,7.9,223.318768,徐家窝棚,17:41:36,31,60.94,70.48,73.2,AQ1162,B737MAX8,126.259,45.656,161,-1.7,1004.6,61.9,0.7,21662.932335226196,1741196482
2025-03-05 17:53:54,126.219474,45.6253879,937.0,275.254557,4.3,232.301708,徐家窝棚,17:54:08,32,56.22,68.26,85.0,SC4845,B738,126.259,45.656,161,-2.1,1004.7,63.4,0.7,4655.958052768184,1741197234
2025-03-05 18:16:55,126.0718404,45.6313189,1833.5,417.164367,7.6,216.423188,徐家窝棚,18:17:23,37,74.43,74.43,86.2,CZ3634,A333,126.259,45.656,161,-2.7,1005.0,65.5,0.6,14942.61846502025,1741198615
2025-03-05 21:53:15,126.1310413,45.510678,586.0,248.277626,3.0,39.349898,八里堡,21:53:28,26,62.81,70.59,72.3,ZH9771,A320,126.289,45.651,0,-4.4,1006.1,69.5,0.4,19889.445914414187,1741211595
2025-03-06 09:05:23,125.9667704,45.7213486,3143.4,493.537688,8.9,185.543979,徐家窝棚,09:05:35,42,68.86,81.16,74.8,EU1895,ARJ21,126.259,45.656,161,-4.3,1008.8,58.7,1.4,24085.84897231028,1741251923
2025-03-06 13:44:02,125.9265631,45.5840099,3653.9,552.770271,9.9,168.307158,八里堡,13:44:16,33,74.49,77.5,85.7,MU2212,A321,126.289,45.651,0,2.0,1007.3,42.4,2.0,29468.187861188613,1741268642
2025-03-06 14:18:26,126.0143973,45.5385302,2246.7,442.349326,6.4,122.400862,半岛世家,14:18:39,31,65.22,75.63,72.3,CZ6658,A359,126.279,45.631,0,1.4,1007.3,40.7,3.2,23179.121812089663,1741270706
2025-03-06 17:05:19,126.0241335,45.59672,1971.6,387.601991,9.9,94.438924,苇塘沟屯,17:05:34,36,70.24,82.28,77.2,HU7210,B789,126.279,45.661,0,-1.3,1008.2,39.5,1.1,21214.539299857453,1741280719
2025-03-06 17:05:24,125.9424759,45.5535751,2478.4,426.205051,8.6,97.022844,徐家窝棚,17:05:58,36,62.14,66.91,78.4,HU7210,B789,126.259,45.656,161,-1.3,1008.2,39.6,1.0,27294.855905828248,1741280724
2025-03-06 17:21:20,125.9432835,45.7154442,3517.7,543.023903,11.0,169.350435,苇塘沟屯,17:21:36,40,73.2,85.99,79.4,HU7326,A333,126.279,45.661,0,-1.9,1008.2,40.8,0.4,27079.156863913217,1741281680
2025-03-06 19:08:04,126.1551332,45.6080358,1858.8,407.457677,8.3,156.497382,徐家窝棚,19:08:18,26,55.55,55.55,84.4,JR1508,B738,126.259,45.656,161,-4.4,1008.5,48.5,0.4,9845.0752913271,1741288084
2025-03-06 19:28:35,125.7442966,45.7134854,4155.4,598.334812,10.2,209.214031,半岛世家,19:28:50,27,66.43,80.23,71.1,CZ8760,A321NEO,126.279,45.631,0,-4.9,1008.5,52.4,0.1,42876.04827428543,1741289315
2025-03-06 20:00:01,126.2129543,45.5221206,2399.8,445.482781,7.4,100.60034,厢白头屯,20:00:25,29,64.46,64.46,74.5,EU1882,ARJ21,126.181,45.535,0,-5.0,1008.6,56.4,0.1,3747.307535704848,1741291201
2025-03-06 20:05:13,126.0403396,45.6649016,2584.5,462.966505,8.0,209.812638,八里堡,20:05:28,27,62.76,67.53,71.9,3U3158,A321NEO,126.289,45.651,0,-5.1,1008.6,56.8,0.1,19616.8082609616,1741291513
2025-03-07 08:39:57,125.966781,45.369579,3426.3,544.376364,8.3,219.339663,林场村,08:40:14,36,66.68,79.24,72.2,CZ6657,A321,126.323,45.682,0,-3.7,1005.7,57.0,3.4,44642.086867982245,1741336797
2025-03-07 09:01:51,126.1664835,45.5405325,2146.8,453.025514,9.4,198.217946,厢白头屯,09:02:05,31,60.13,60.13,73.5,ZH9628,B738,126.181,45.535,0,-2.0,1005.5,50.9,3.1,2504.5876365385475,1741338111
2025-03-07 10:46:29,126.3050827,45.7000438,812.3,292.210872,1.7,245.178715,八里堡,10:46:43,31,60.2,60.2,82.3,G54253,A320,126.289,45.651,0,1.6,1004.2,36.5,3.3,5652.179042910052,1741344389
2025-03-07 14:19:12,126.1622785,45.682386,1484.0,360.167811,4.0,143.879532,西下坎,14:19:26,31,63.36,73.78,71.9,DR6545,B738,126.298,45.671,0,4.4,1000.0,32.9,0.8,10754.072582301196,1741357152
2025-03-07 14:25:16,126.1550037,45.6515393,916.6,354.157945,6.9,159.399789,西下坎,14:25:38,35,61.38,68.37,78.9,MU5198,A320NEO,126.298,45.671,0,4.3,1000.0,32.7,1.2,11390.073622904723,1741357516
2025-03-07 14:56:36,125.9399777,45.6925401,3762.7,524.673257,7.0,203.715139,农丰满族锡伯族镇中心学校,14:56:50,31,63.53,66.54,71.4,EU2304,A321,126.12,45.5,0,4.1,1000.0,35.6,2.6,25880.109365084674,1741359396
2025-03-07 15:24:52,126.1295091,45.6112797,1469.1,377.398445,9.0,198.725754,林场村,15:25:05,39,67.18,79.48,73.1,HU7209,B789,126.323,45.682,0,4.0,999.6,33.7,1.9,17073.976114378085,1741361092
2025-03-07 15:25:26,126.2539865,45.5724443,1519.8,366.714361,4.7,264.523878,西下坎,15:25:39,32,66.06,76.47,74.2,HU7209,B789,126.298,45.671,0,4.0,999.6,33.7,2.1,11580.633431897162,1741361126
2025-03-07 15:25:57,126.2783578,45.6057782,1603.0,365.031458,4.2,300.847045,八里堡,15:26:12,33,68.38,80.14,74.8,HU7209,B789,126.289,45.651,0,4.0,999.6,33.7,2.5,5341.055014386303,1741361157
2025-03-07 15:55:05,125.9278868,45.5696496,1770.8,419.658513,2.6,155.359671,林场村,15:55:14,33,66.71,79.5,72.3,HU7325,A333,126.323,45.682,0,3.6,999.6,29.0,1.9,33298.183936324705,1741362905
2025-03-07 15:55:35,126.1967236,45.5696519,758.5,372.857835,7.4,219.402955,八里堡,15:55:49,31,64.18,70.21,74.0,HU7325,A333,126.289,45.651,0,3.6,999.6,29.2,2.1,11582.25507111099,1741362935
2025-03-07 15:58:36,125.9914313,45.5454626,1985.2,460.142575,7.7,158.703648,厢白五屯,15:58:51,35,67.27,78.41,75.4,CZ3914,B788,126.186,45.564,0,3.7,999.6,30.3,1.6,15461.785807650238,1741363116
2025-03-07 15:59:01,126.0334867,45.527562,1886.0,449.272113,8.6,167.23248,厢白头屯,15:59:27,52,73.09,76.1,83.3,CZ3914,B788,126.181,45.535,0,3.7,999.6,30.3,1.3,11707.1987209581,1741363141
2025-03-07 16:11:41,126.2294995,45.6183434,1001.0,330.695834,4.6,185.478074,厢白头屯,16:11:55,32,62.65,65.66,72.4,HO1180,A321NEO,126.181,45.535,0,3.5,999.6,30.2,1.3,10057.40778748032,1741363901
2025-03-07 19:12:47,125.9666747,45.617733,3225.0,515.040044,8.7,154.418397,苇塘沟屯,19:13:03,33,74.77,84.77,82.9,MF8805,B738,126.279,45.661,0,0.9,999.0,42.0,3.0,25035.56454655353,1741374767
2025-03-07 21:38:49,126.0362573,45.7536171,3197.7,450.293061,10.9,157.182454,立功村,21:39:03,28,67.79,78.93,74.5,GS7920,EMB195,126.274,45.63,0,0.5,998.0,40.2,2.2,23284.99464450817,1741383529
2025-03-07 21:38:59,126.1656881,45.656147,1239.3,335.796597,8.7,78.115513,半岛世家,21:39:12,27,68.14,76.59,76.1,GS7920,EMB195,126.279,45.631,0,0.5,998.0,40.2,2.2,9348.717178242972,1741383539
2025-03-07 21:39:10,126.0687905,45.7203018,2449.3,406.875661,8.5,129.24143,八里堡,21:39:23,28,67.36,79.66,72.4,GS7920,EMB195,126.289,45.651,0,0.5,998.0,40.2,2.3,18966.81953480932,1741383550
2025-03-07 21:39:19,126.0462559,45.6698111,2255.9,421.121803,10.2,102.008813,苇塘沟屯,21:39:33,27,70.34,82.64,76.1,GS7920,EMB195,126.279,45.661,0,0.5,998.0,40.2,2.4,18306.629280197856,1741383559
2025-03-08 07:02:05,125.8631211,45.6434919,4279.8,585.445057,8.6,187.230342,苇塘沟屯,07:02:21,42,73.83,85.87,81.5,MF8098,B738,126.279,45.661,0,-1.7,997.6,68.5,0.7,32766.436195263883,1741417325
2025-03-08 07:50:26,125.711662,45.516451,5379.0,657.146911,1.0,218.937204,立功村,07:50:43,46,70.56,83.57,77.4,MU5620,A320NEO,126.274,45.63,0,-1.0,998.3,67.2,0.2,46007.001195382734,1741420226
2025-03-08 07:50:30,126.0062565,45.377928,3981.0,509.581355,11.0,100.174523,半岛世家,07:50:49,45,69.59,83.39,75.9,MU5620,A320NEO,126.279,45.631,0,-1.0,998.3,67.2,0.2,35525.84123198274,1741420230
2025-03-08 08:26:01,126.0483463,45.740432,2633.3,494.622521,9.7,292.542378,松山小学,08:26:15,31,62.21,65.22,74.6,FU6675,B738,126.275,45.685,0,-0.3,998.7,67.0,0.1,18880.87587858548,1741422361
2025-03-08 08:36:47,125.894767,45.6732178,3711.5,519.66694,12.2,264.43778,八里堡,08:36:58,33,73.23,79.26,83.5,MU5518,A320NEO,126.289,45.651,0,0.2,998.8,61.7,0.1,31054.498855117366,1741423007
2025-03-08 09:47:58,125.974936,45.5548077,2773.3,442.690012,6.4,262.533685,八里堡,09:48:35,51,73.79,84.93,80.8,CZ6271,A333,126.289,45.651,0,2.0,999.4,64.7,2.9,26882.00291830705,1741427278
2025-03-08 11:21:19,125.8872105,45.7242415,2897.0,546.202108,9.0,204.137654,立功村,11:21:27,31,67.29,79.33,74.1,CZ6217,A333,126.274,45.63,0,2.4,999.7,66.6,2.8,32042.625756517176,1741432879
2025-03-08 12:31:15,126.008909,45.5057968,1692.5,356.281264,5.5,55.609238,苇塘沟屯,12:31:31,38,73.64,84.06,81.9,MF8816,A321,126.279,45.661,0,3.2,999.8,62.3,3.4,27293.240055599148,1741437075
2025-03-08 12:59:24,125.9615493,45.4964998,4113.0,527.807715,10.2,250.112688,苇塘沟屯,12:59:28,31,70.56,83.78,75.6,CA1788,A319,126.279,45.661,0,3.6,999.8,60.9,2.3,31075.38667177906,1741438764
2025-03-08 13:19:37,125.867439,45.5673257,3486.3,555.372358,9.9,139.479112,立功村,13:19:50,40,68.39,80.15,77.0,MU6348,A332,126.274,45.63,0,3.7,999.9,60.1,2.3,32671.647245443128,1741439977
2025-03-08 13:19:47,125.8220558,45.6057125,4613.3,620.30322,13.0,181.466888,半岛世家,13:20:03,40,70.39,80.8,80.4,MU6348,A332,126.279,45.631,0,3.7,999.9,60.0,2.5,36058.75766196216,1741439987
2025-03-08 13:20:06,125.7844588,45.5632542,4916.0,631.412185,9.6,172.402303,八里堡,13:20:21,36,69.76,79.76,76.4,MU6348,A332,126.289,45.651,0,3.7,999.9,60.0,2.4,40861.58812083126,1741440006
2025-03-08 14:13:12,125.9887597,45.6494654,2647.9,466.873672,8.6,157.560183,厢白头屯,14:13:26,31,61.62,64.63,74.9,CZ6317,B737,126.181,45.535,0,3.9,1000.3,58.1,2.5,19850.430176871338,1741443192
2025-03-08 16:02:55,126.3088414,45.5378784,5796.6,521.338094,10.8,207.198908,苇塘沟屯,16:03:06,31,69.22,80.01,76.0,CZ3914,B788,126.279,45.661,0,2.7,1001.3,60.1,2.7,15048.35221952928,1741449775
2025-03-08 16:09:56,125.8439303,45.7302013,3603.7,545.525198,7.0,245.739814,立功村,16:10:18,42,69.07,80.84,77.9,CZ6650,A320,126.274,45.63,0,2.5,1001.4,60.0,3.2,35501.70060799851,1741450196
2025-03-08 16:16:29,125.8965112,45.6584314,3418.0,542.784222,10.2,235.948755,徐家窝棚,16:16:44,42,67.98,80.76,74.9,EU2797,ARJ21,126.259,45.656,161,2.1,1001.4,60.4,2.1,28448.6828547332,1741450589
2025-03-08 16:59:52,126.0582142,45.6464324,2748.1,499.445325,7.3,217.277588,立功村,17:00:07,37,67.91,80.92,74.1,HU7210,B789,126.274,45.63,0,1.4,1001.5,63.6,2.2,17148.18909996605,1741453192
2025-03-08 16:59:57,126.2397615,45.697953,1108.0,412.829868,6.0,331.020292,半岛世家,17:00:16,41,68.99,81.78,75.7,HU7210,B789,126.279,45.631,0,1.4,1001.5,63.6,2.2,8121.883390076916,1741453197
2025-03-08 17:00:14,126.0730654,45.6356616,2747.2,514.360773,13.6,215.399772,八里堡,17:00:29,37,70.17,83.39,75.7,HU7210,B789,126.289,45.651,0,1.4,1001.5,63.6,2.1,17145.405792218593,1741453214
2025-03-08 17:00:21,126.0760735,45.6277257,2763.3,502.603174,13.4,180.313879,苇塘沟屯,17:00:41,42,72.81,85.36,79.6,HU7210,B789,126.279,45.661,0,1.4,1001.5,63.7,2.2,16483.06942149994,1741453221
2025-03-08 18:35:43,126.2750965,45.6486385,536.5,313.168764,9.0,15.433425,苇塘沟屯,18:35:57,35,69.96,82.0,76.8,G54282,CRJ9,126.279,45.661,0,-1.6,1003.0,71.8,0.1,1506.0569393949406,1741458943
2025-03-08 20:25:06,125.878189,45.769974,3638.0,501.259461,10.0,259.354335,八里堡,20:25:22,30,69.4,75.42,80.2,MU9864,A321NEO,126.289,45.651,0,-2.9,1003.7,76.6,0.1,34814.136662280784,1741465506
2025-03-08 21:51:47,125.6867386,45.6781732,5399.2,672.653952,9.6,205.820999,立功村,21:51:59,31,67.6,81.22,71.5,HU7130,B738,126.274,45.63,0,-3.5,1003.8,79.9,0.3,46420.25302247881,1741470707
2025-03-08 22:11:29,125.787964,45.758057,5257.0,601.843013,10.0,259.001265,半岛世家,22:11:43,26,68.4,81.82,72.5,KN5508,B737,126.279,45.631,0,-3.7,1003.7,78.6,0.1,41123.9150309328,1741471889
2025-03-09 07:22:18,126.1090861,45.49189,1438.4,393.262327,10.9,219.779375,农丰满族锡伯族镇中心学校,07:22:29,32,61.4,61.4,77.0,LT4355,A320,126.12,45.5,0,-5.0,1004.1,84.5,0.4,1899.8726875935788,1741504938
2025-03-09 08:22:01,126.265457,45.6510095,1455.0,316.957234,7.0,9.077054,松山小学,08:22:33,36,59.89,59.89,82.0,QW9869,A320NEO,126.275,45.685,0,-1.8,1004.2,77.2,2.0,4116.515874898243,1741508521
2025-03-09 10:05:04,126.0257682,45.6139172,1753.8,402.646698,10.0,146.405524,厢白二屯,10:05:18,31,55.13,58.14,80.3,QW6099,A320NEO,126.165,45.557,0,4.1,1002.8,52.8,3.2,12696.395470527545,1741514704
2025-03-09 11:03:50,126.0914507,45.558899,3441.3,432.04648,6.0,122.736928,农丰满族锡伯族镇中心学校,11:04:04,31,62.95,62.95,74.7,HO1755,A321NEO,126.12,45.5,0,6.5,1001.9,43.2,3.6,7726.212107875177,1741518230
2025-03-09 11:27:24,126.3245387,45.7067287,485.0,284.625338,2.3,185.777322,西下坎,11:27:38,31,64.77,75.91,72.7,HU7073,A332,126.298,45.671,0,7.2,1001.6,39.3,3.8,4503.30761548276,1741519644
2025-03-09 14:25:00,126.1289008,45.6777822,2238.1,470.728201,5.5,149.524378,林场村,14:25:13,37,67.22,79.27,73.2,CZ3913,B788,126.323,45.682,0,10.4,998.0,39.3,4.4,15296.558674630664,1741530300
2025-03-09 14:25:33,126.1490237,45.7014457,2473.7,471.526252,6.5,122.459753,西下坎,14:25:47,31,65.57,77.33,70.9,CZ3913,B788,126.298,45.671,0,10.4,998.0,39.1,4.2,12341.326270139998,1741530333
2025-03-09 14:56:49,126.2275708,45.6410085,1282.8,379.624528,7.5,147.371623,徐家窝棚,14:57:03,31,60.68,63.69,74.0,EU1896,ARJ21,126.259,45.656,161,10.3,997.6,39.6,4.6,3168.4564835107813,1741532209
2025-03-09 14:57:24,126.2716672,45.6661757,1090.3,341.410369,5.1,178.104324,八里堡,14:57:43,40,71.31,81.73,78.8,EU1896,ARJ21,126.289,45.651,0,10.3,997.6,39.7,4.7,2420.620853246009,1741532244
2025-03-09 16:03:22,126.1629642,45.6393071,904.5,359.623382,4.8,162.220219,厢白五屯,16:03:39,38,69.4,80.54,77.5,CZ3914,B788,126.186,45.564,0,9.6,996.7,46.9,4.8,8608.92508007661,1741536202
2025-03-09 16:57:33,126.0752857,45.6478093,1582.6,434.056262,5.6,112.645112,厢白五屯,16:57:54,45,71.81,84.59,78.6,HU7210,B789,126.186,45.564,0,8.2,996.3,50.6,3.7,12802.683918788158,1741539453
2025-03-09 17:38:39,126.1753029,45.5512566,1190.4,282.188209,7.7,218.605814,徐家窝棚,17:38:53,31,55.19,55.19,75.2,GJ8112,A320NEO,126.259,45.656,161,6.7,996.0,54.8,1.7,13388.75366536276,1741541919
2025-03-09 18:21:27,126.136654,45.6529647,2042.7,465.754251,9.3,180.986847,农丰满族锡伯族镇中心学校,18:21:41,31,64.29,75.43,72.8,CZ3634,A333,126.12,45.5,0,6.0,995.9,56.0,3.4,17175.217856075746,1741544487
2025-03-09 19:06:35,126.1114823,45.5803816,1877.3,412.451447,6.0,179.290188,八里堡,19:06:55,48,73.39,76.4,86.7,EU2798,ARJ21,126.289,45.651,0,4.8,995.4,58.6,2.2,16028.5276676956,1741547195
2025-03-10 08:35:44,126.1362191,45.5055874,1853.6,358.445751,8.8,215.836236,厢白头屯,08:35:59,32,64.42,72.87,73.1,CZ6219,A333,126.181,45.535,0,7.8,987.0,55.1,5.0,5135.153210677938,1741595744
2025-03-10 08:47:59,126.1560332,45.5225911,1721.7,366.480942,8.3,214.663009,厢白五屯,08:48:13,31,61.87,67.89,71.7,ZH9753,A320NEO,126.186,45.564,0,8.1,986.8,53.7,5.0,5443.318499207751,1741596479
2025-03-10 09:02:22,126.3585325,45.5954842,1180.5,419.459214,4.8,324.123974,农丰满族锡伯族镇中心学校,09:02:43,72,74.77,74.77,86.8,CZ5969,A321NEO,126.12,45.5,0,8.4,987.0,52.4,5.0,21472.82935295182,1741597342
2025-03-10 09:05:37,125.931255,45.3386788,3447.2,512.43321,6.2,219.500758,林场村,09:06:07,54,73.63,82.08,85.6,CZ6210,A321NEO,126.323,45.682,0,8.4,986.9,52.5,5.0,49053.57783312,1741597537
2025-03-10 10:16:00,126.320568,45.7669372,2935.7,456.726258,14.3,209.186016,农丰满族锡伯族镇中心学校,10:16:18,41,73.71,79.73,83.0,MF8745,B738,126.12,45.5,0,9.4,986.3,50.2,5.0,33673.8540923065,1741601760
2025-03-10 12:02:12,126.392748,45.236485,3429.0,651.235464,7.0,7.023966,苇塘沟屯,12:02:27,33,69.39,69.39,87.6,MF8093,B738,126.279,45.661,0,11.3,985.3,45.2,5.0,48147.67645482889,1741608132
2025-03-10 12:22:38,126.1976134,45.5785009,1183.7,309.026345,11.6,219.618054,姚家窝棚,12:22:52,31,61.46,64.47,71.6,G54254,A320,126.196,45.597,0,11.5,984.9,44.9,5.0,2375.9480774236467,1741609358
2025-03-10 12:29:51,125.8297002,45.396888,4341.0,521.519062,7.5,230.903361,农丰满族锡伯族镇中心学校,12:29:59,40,73.42,78.19,84.7,9C8541,A320,126.12,45.5,0,11.4,985.0,45.4,5.0,25813.8479391104,1741609791
2025-03-10 14:34:22,126.1920046,45.574259,2114.8,404.263835,7.6,264.952951,厢白五屯,14:34:36,31,64.21,71.99,71.8,AQ1502,B738MAX,126.186,45.564,0,13.2,984.7,40.0,5.0,2447.9960469033986,1741617262
2025-03-10 15:28:07,126.29067,45.693119,1413.0,335.92124,4.5,203.675201,林场村,15:28:21,32,64.52,67.53,77.0,SC4749,B738,126.323,45.682,0,12.7,984.8,42.4,5.0,3141.360470401107,1741620487
2025-03-11 06:56:46,126.154532,45.541837,1228.7,441.091039,12.7,219.03551,农丰满族锡伯族镇中心学校,06:57:00,24,61.23,61.23,72.3,FU6671,B738,126.12,45.5,0,-1.7,993.3,85.6,1.1,5515.00680097204,1741676206
2025-03-11 07:40:54,125.8220804,45.415233,2947.2,548.230446,6.4,189.284527,厢白五屯,07:41:09,40,70.4,82.44,77.3,LT4349,A321,126.186,45.564,0,0.2,993.5,82.3,2.4,33043.52802708299,1741678854
2025-03-11 07:53:12,126.0427803,45.4793571,2517.1,465.905827,8.1,221.041645,西下坎,07:53:31,38,66.56,78.87,73.5,O37602,B734,126.298,45.671,0,0.9,993.7,80.2,1.4,29277.82687893469,1741679592
2025-03-11 07:54:19,125.976512,45.3625962,3375.2,628.31578,12.2,189.991162,立功村,07:54:19,32,65.38,65.38,75.9,O37602,B734,126.274,45.63,0,1.0,993.7,80.1,1.4,37895.627589511314,1741679659
2025-03-11 08:57:26,125.930775,45.4582785,3110.5,465.591082,8.0,225.578893,八里堡,08:57:41,37,72.34,84.1,79.5,CA1689,B738,126.289,45.651,0,4.3,993.3,69.6,3.1,35375.86802950479,1741683446
2025-03-11 10:20:03,126.140784,45.9780865,7113.0,771.433032,10.0,22.43999,林场村,10:20:23,42,70.4,82.95,76.6,CA1643,B737,126.323,45.682,0,7.6,992.1,57.9,3.6,36544.5906308407,1741688403
2025-03-11 13:27:23,125.9851985,45.335502,3943.0,562.38319,12.2,253.80804,林场村,13:27:36,39,68.74,82.17,74.2,CA1690,B738,126.323,45.682,0,11.4,988.8,46.9,3.9,46869.72037417781,1741699643
2025-03-11 15:16:15,126.0113223,45.6372767,1866.3,444.50651,5.3,150.406946,林场村,15:16:34,41,68.87,80.91,75.3,HU7209,B789,126.323,45.682,0,10.7,986.9,49.5,1.1,24868.281079471315,1741706175
2025-03-11 15:54:28,126.2135567,45.5958732,1229.7,349.926643,9.5,208.820175,厢白五屯,15:54:51,46,70.28,82.83,77.0,CZ3914,B788,126.186,45.564,0,10.4,986.3,51.1,3.3,4323.230166661133,1741708468
2025-03-11 15:54:46,126.2492777,45.6225917,765.2,298.694266,8.2,211.364087,厢白头屯,15:55:00,38,69.64,69.64,78.2,CZ3914,B788,126.181,45.535,0,10.4,986.3,51.1,3.1,11125.327184554071,1741708486
2025-03-11 15:55:20,126.1673845,45.5423355,933.0,350.263719,5.0,218.506193,厢白头屯,15:55:29,31,69.29,72.3,81.9,CZ3914,B788,126.181,45.535,0,10.3,986.2,51.2,3.3,1632.8896836918473,1741708520
2025-03-11 16:07:04,125.9986815,45.7113875,5714.5,554.140498,9.0,267.579684,农丰满族锡伯族镇中心学校,16:07:20,36,62.31,65.32,86.8,CZ6251,A321,126.12,45.5,0,10.3,986.0,51.7,3.1,25976.67002330534,1741709224
2025-03-11 16:23:45,126.1982628,45.7578644,3280.8,538.604495,11.6,97.573348,厢白五屯,16:24:08,49,73.71,86.01,81.0,CZ6650,A320,126.186,45.564,0,10.1,985.7,52.3,1.2,21821.76447167576,1741710225
2025-03-11 16:30:34,126.1586855,45.534826,1142.5,360.115896,14.5,219.121391,厢白五屯,16:30:58,46,74.5,85.96,82.4,HU7328,A333,126.186,45.564,0,10.0,985.6,52.3,1.1,4046.1380101387495,1741710634
2025-03-11 16:49:40,126.3771197,45.7511148,1127.7,309.463799,5.9,207.363404,厢白五屯,16:50:05,49,74.3,86.35,82.3,HU7430,B738,126.186,45.564,0,9.5,985.8,53.7,2.8,25608.17069209996,1741711780
2025-03-11 18:22:24,126.2518636,45.5979351,1373.7,336.780532,10.0,201.456201,厢白头屯,18:22:38,31,58.37,58.37,72.2,PN6232,A321,126.181,45.535,0,8.1,984.6,59.2,2.3,9024.116233091288,1741717344
2025-03-11 22:21:48,126.0268012,45.5133418,3087.2,437.948896,9.5,230.587222,林场村,22:22:03,39,71.56,84.78,77.0,CZ5301,A321NEO,126.323,45.682,0,6.3,982.5,82.0,3.0,29923.642003841414,1741731708
2025-03-12 08:00:08,126.1677464,45.5530828,1626.4,342.929492,11.1,219.557557,厢白二屯,08:00:30,33,50.8,50.8,74.4,CZ6257,A321NEO,126.165,45.557,0,2.2,981.1,54.2,4.5,1697.2826899012298,1741766408
2025-03-12 08:56:09,126.060102,45.5838643,1758.3,398.916036,5.6,185.13122,农丰满族锡伯族镇中心学校,08:56:25,34,66.1,72.12,77.4,HZ4699,DHC8,126.12,45.5,0,3.0,981.2,50.7,5.0,10577.539902853412,1741769769
2025-03-12 09:18:27,126.277436,45.6880578,933.0,324.866999,4.5,171.569425,厢白二屯,09:18:43,33,62.63,62.63,99.6,EU1895,ARJ21,126.165,45.557,0,2.8,981.3,52.9,4.99,17028.772622112803,1741771107
2025-03-12 09:34:01,125.8694246,45.419839,3881.4,548.255359,6.2,233.696212,徐家窝棚,09:34:24,48,70.75,70.75,79.9,CA8301,A333,126.259,45.656,161,2.4,981.4,54.8,3.1,40368.87289863308,1741772041
2025-03-12 09:50:19,126.1512147,45.5654133,1421.7,416.172875,13.3,234.966202,立功村,09:50:32,31,62.3,65.31,72.8,CA2730,A332,126.274,45.63,0,3.0,981.4,54.9,4.7,12056.519590094336,1741773019
2025-03-12 10:31:11,126.0882894,45.7174967,1252.6,391.644769,2.7,119.968954,徐家窝棚,10:31:25,31,62.09,65.11,73.8,CZ8566,A321NEO,126.259,45.656,161,2.9,981.3,52.3,5.0,14993.39468882653,1741775471
2025-03-12 12:06:23,126.1826855,45.567084,1193.5,311.646129,7.8,227.461568,松山小学,12:06:37,31,60.45,65.22,72.1,9C8683,A320NEO,126.275,45.685,0,2.1,981.7,64.5,5.0,15001.669253750952,1741781183
2025-03-12 12:41:30,126.0652782,45.7763066,3183.0,554.220185,10.6,201.368407,立功村,12:41:44,32,62.33,65.34,73.8,CZ6481,A333,126.274,45.63,0,1.9,981.8,68.1,4.6,23217.10769040436,1741783290
2025-03-12 12:50:06,126.328773,45.690308,693.0,225.038958,3.0,219.322581,林场村,12:50:30,55,71.6,83.06,79.7,EU2730,ARJ21,126.323,45.682,0,2.5,981.8,65.6,4.9,1239.0585898345782,1741783806
2025-03-12 13:23:41,126.0214088,45.5693119,2370.9,432.190859,9.2,192.038348,八里堡,13:23:56,44,72.53,84.57,80.6,HU7763,A332,126.289,45.651,0,2.2,982.2,66.6,4.8,22889.940138843234,1741785821
2025-03-12 20:21:24,126.3622193,45.6324397,955.0,321.004765,2.6,126.163571,八里堡,20:21:47,37,69.99,82.54,77.0,GS7919,EMB195,126.289,45.651,0,-2.1,990.0,70.3,2.0,6144.730102093856,1741810884
2025-03-12 20:21:30,126.360235,45.6333923,937.1,319.48552,2.1,125.534554,立功村,20:21:43,26,64.67,64.67,74.7,GS7919,EMB195,126.274,45.63,0,-2.1,990.0,70.2,2.3,6800.163507229027,1741810890
2025-03-12 21:48:06,126.3630464,45.5855222,982.6,350.554861,5.4,303.615147,姚家窝棚,21:48:19,26,66.86,79.16,73.4,GS7920,EMB195,126.196,45.597,0,-2.5,991.3,73.1,1.3,13134.995921807013,1741816086
2025-03-12 21:48:51,126.2243804,45.5501968,1436.6,375.412209,9.4,260.03931,厢白二屯,21:49:05,26,64.87,74.42,72.3,GS7920,EMB195,126.165,45.557,0,-2.5,991.3,73.1,2.3,4913.150126538108,1741816131
2025-03-12 22:38:13,125.985783,45.396286,3467.0,594.594412,5.0,219.565621,林场村,22:38:24,29,68.82,81.38,74.4,ZH9627,A320NEO,126.323,45.682,0,-2.6,991.7,74.4,2.2,41412.50238618149,1741819093
2025-03-13 02:05:04,126.0620612,45.5828305,1371.0,391.195618,6.0,133.956137,立功村,02:05:18,24,62.43,67.2,71.4,SC8435,B738,126.274,45.63,0,-4.1,995.1,72.9,0.7,17400.71719404201,1741831504
2025-03-13 10:38:43,126.1969928,45.5643754,1326.5,357.843113,6.0,173.010795,姚家窝棚,10:38:57,31,66.14,78.93,71.9,CZ6261,B773,126.196,45.597,0,-1.5,1001.3,63.2,0.6,3862.152489528242,1741862323
2025-03-13 11:13:40,126.2576625,45.6057455,1882.0,460.504185,3.0,4.151285,徐家窝棚,11:13:54,31,59.35,59.35,72.8,MU2701,A320NEO,126.259,45.656,161,-1.1,1001.3,63.0,3.3,5846.404354465463,1741864420
2025-03-13 11:30:01,125.9467219,45.6004559,2745.4,485.934789,6.0,150.845483,林场村,11:30:15,37,68.98,80.74,75.6,HU7073,A332,126.323,45.682,0,-1.3,1001.3,60.3,1.5,30832.679030458625,1741865401
2025-03-13 16:01:06,126.1734535,45.759338,2382.5,387.841713,3.0,207.494306,农丰满族锡伯族镇中心学校,16:01:34,32,63.64,63.64,73.4,FU6718,B738,126.12,45.5,0,0.5,1001.9,48.0,1.2,29226.39868823656,1741881666
2025-03-13 16:29:04,126.0031448,45.6178868,1812.2,459.24567,5.6,151.562854,农丰满族锡伯族镇中心学校,16:29:18,32,64.17,71.16,73.9,CZ6650,A320,126.12,45.5,0,0.1,1002.1,47.6,0.6,16070.664151005074,1741883344
2025-03-13 16:46:21,126.196884,45.7231783,1247.5,341.877184,3.8,116.647619,徐家窝棚,16:46:25,31,52.7,52.7,74.9,MF8051,B738,126.259,45.656,161,-0.2,1002.2,47.7,0.8,8964.3089189279,1741884381
2025-03-13 17:21:56,126.1970443,45.578132,855.7,362.656178,3.0,220.305467,厢白五屯,17:22:11,37,68.43,80.19,75.6,HU7210,B789,126.186,45.564,0,-1.1,1002.6,52.7,0.4,1985.6750621334077,1741886516
2025-03-13 17:45:30,126.0090208,45.6009521,2458.5,454.046169,5.8,132.716625,林场村,17:45:40,32,66.52,79.31,72.8,G54281,CRJ9,126.323,45.682,0,-1.9,1002.9,56.3,0.1,26203.891457140293,1741887930
2025-03-13 19:28:45,125.976983,45.5297794,2840.4,469.666509,11.0,194.299102,林场村,19:28:58,32,67.86,81.29,72.6,EU2828,ARJ21,126.323,45.682,0,-4.0,1004.2,66.7,0.1,31990.343867220483,1741894125
2025-03-13 20:36:09,126.1164339,45.631652,1251.1,340.692676,4.0,151.322044,八里堡,20:36:23,26,62.59,69.58,72.3,ZH9772,A320,126.289,45.651,0,-4.1,1005.0,61.0,0.1,13683.070820930248,1741898169
2025-03-14 06:34:29,126.1364148,45.5593265,1451.2,368.320683,14.5,226.661942,厢白五屯,06:35:04,38,58.82,58.82,77.9,MU5387,A320NEO,126.186,45.564,0,-6.7,1009.5,72.1,0.1,4167.232946411774,1741934069
2025-03-14 06:49:49,126.1899117,45.5726788,910.0,395.850225,10.7,219.414526,农丰满族锡伯族镇中心学校,06:50:03,24,54.75,54.75,75.6,MU5649,A320NEO,126.12,45.5,0,-6.5,1009.7,73.0,0.1,9793.329943571916,1741934989
2025-03-14 07:07:44,126.1948086,45.6221113,1029.0,378.384645,8.9,149.552583,农丰满族锡伯族镇中心学校,07:07:58,32,56.4,56.4,76.4,3U3323,A320NEO,126.12,45.5,0,-6.4,1009.9,73.6,0.4,14812.142763017317,1741936064
2025-03-14 07:08:07,126.1532598,45.5403424,1266.1,396.39709,10.9,219.589755,厢白五屯,07:08:26,33,56.49,56.49,74.5,LT4347,A320,126.186,45.564,0,-6.4,1009.9,73.6,0.4,3880.0998776648926,1741936087
2025-03-14 07:44:27,126.0350738,45.468996,2721.4,496.167866,10.8,220.982728,林场村,07:44:41,36,67.37,80.38,72.7,O37602,B734,126.323,45.682,0,-5.3,1010.2,67.6,0.3,32762.397655264787,1741938267
2025-03-14 08:20:18,125.9411028,45.3966648,3502.5,543.781288,11.0,217.441214,林场村,08:20:27,38,67.13,79.69,74.8,CA1621,A332,126.323,45.682,0,-4.0,1010.4,58.5,0.3,43688.41431462426,1741940418
2025-03-14 09:00:08,126.0706891,45.4752123,2295.3,478.041518,13.0,218.484728,厢白二屯,09:00:22,31,46.68,46.68,75.2,HZ5457,A319,126.165,45.557,0,-3.0,1010.6,56.6,0.4,11926.83399531313,1741942808
2025-03-14 09:49:48,126.0772406,45.742633,2330.2,466.291244,9.8,289.331814,松山小学,09:50:02,31,62.64,62.64,73.6,CA2730,A332,126.275,45.685,0,-1.2,1011.2,51.4,0.2,16842.15542215852,1741945788
2025-03-14 10:08:49,126.016292,45.6587564,2678.4,504.492552,5.1,293.095623,松山小学,10:09:02,32,56.86,56.86,77.9,ZH9755,A320NEO,126.275,45.685,0,-1.0,1011.3,51.1,0.2,20547.99877200254,1741946929
2025-03-14 11:04:39,126.0588488,45.5681316,1484.2,389.795596,8.0,108.024902,松山小学,11:04:58,34,54.61,54.61,75.1,CZ3743,A321NEO,126.275,45.685,0,0.3,1011.2,41.3,0.6,21334.341494868026,1741950279
2025-03-14 11:38:32,126.0308799,45.5914858,1838.7,373.382961,8.2,186.521795,松山小学,11:38:46,32,57.12,67.12,81.3,9C8672,A320NEO,126.275,45.685,0,0.5,1011.2,35.9,1.9,21767.04742825558,1741952312
2025-03-14 12:33:25,125.9245601,45.5520452,3163.6,470.33859,8.4,149.057914,苇塘沟屯,12:33:44,40,72.41,83.88,80.0,MF8816,A321,126.279,45.661,0,0.4,1010.9,36.6,0.9,30358.267121359077,1741955605
2025-03-14 13:03:18,125.7931407,45.5868657,3641.8,557.690859,12.5,200.25032,半岛世家,13:03:34,38,68.1,78.89,75.8,GJ8212,A321NEO,126.279,45.631,0,1.0,1010.9,30.5,0.8,38400.48980006635,1741957398
2025-03-14 14:46:42,126.0742328,45.6932791,2165.9,425.087626,8.8,123.454627,八里堡,14:47:17,50,74.12,77.13,81.9,OZ340,A320NEO,126.289,45.651,0,1.7,1011.0,32.5,1.2,17519.142282988392,1741963602
2025-03-14 16:54:13,125.865359,45.4702422,3292.8,508.636447,6.8,100.756352,半岛世家,16:54:26,32,66.13,77.89,72.6,HU7210,B789,126.279,45.631,0,0.3,1011.3,34.4,0.3,37068.62239354009,1741971253
2025-03-14 16:54:31,125.9444217,45.4929907,2876.2,490.47995,8.0,79.457974,八里堡,16:54:44,32,68.82,81.37,75.3,HU7210,B789,126.289,45.651,0,0.3,1011.3,34.5,0.4,32258.389964304723,1741971271
2025-03-14 16:54:37,125.9601278,45.5020738,3565.5,557.763084,9.7,88.513191,苇塘沟屯,16:54:52,38,71.29,83.84,77.3,HU7210,B789,126.279,45.661,0,0.3,1011.3,34.5,0.4,30733.773560733094,1741971277
2025-03-14 17:18:22,126.1181678,45.6758451,3278.7,442.156017,9.4,238.253352,松山小学,17:18:36,31,62.52,62.52,74.8,MU5614,A320,126.275,45.685,0,-0.8,1011.4,35.2,0.8,12694.63639122794,1741972702
2025-03-14 17:21:38,126.1191715,45.7187018,2136.1,473.477076,11.0,246.482544,立功村,17:21:52,31,63.23,73.23,71.3,MU5198,A320NEO,126.274,45.63,0,-1.0,1011.4,35.9,0.7,15728.052671416996,1741972898
2025-03-14 17:39:48,126.1147048,45.6564721,1801.6,387.560192,6.9,156.784924,苇塘沟屯,17:40:08,42,73.57,86.58,79.3,HU7326,A333,126.279,45.661,0,-1.7,1011.5,39.2,0.9,12942.55485949018,1741973988
2025-03-14 18:04:26,125.7251357,45.572406,4231.3,576.346724,6.7,144.456957,苇塘沟屯,18:04:42,36,70.23,81.69,76.9,FM9064,A321,126.279,45.661,0,-2.5,1011.9,43.4,0.3,44523.43398708772,1741975466
2025-03-14 19:05:11,125.8749794,45.5687458,4385.6,561.909132,9.5,156.913731,八里堡,19:05:29,34,68.84,81.14,74.9,MU5598,A321NEO,126.289,45.651,0,-3.5,1012.3,47.9,0.3,33861.675942015856,1741979111
2025-03-15 08:10:14,125.912759,45.5960944,4292.8,534.902959,10.2,168.165177,半岛世家,08:10:35,43,70.93,81.73,79.7,CZ6259,A333,126.279,45.631,0,-4.5,1010.1,53.3,0.5,29156.70428730152,1742026214
2025-03-15 08:21:10,125.894444,45.4948735,3242.0,464.354447,6.5,127.215186,半岛世家,08:21:27,42,69.05,81.36,76.9,LT8897,A320,126.279,45.631,0,-3.5,1010.0,51.1,0.7,33783.707497703785,1742026870
2025-03-15 08:54:08,125.9824229,45.7083244,3217.0,443.882138,12.0,214.578159,八里堡,08:54:33,33,70.96,76.98,78.7,EU1921,ARJ21,126.289,45.651,0,-2.6,1010.2,46.6,0.5,24934.89983490863,1742028848
2025-03-15 09:27:56,126.025225,45.7339097,3067.7,514.429522,12.3,242.371628,松山小学,09:28:10,32,56.51,56.51,76.3,ZH9676,A320,126.275,45.685,0,-1.8,1009.9,50.3,0.3,20431.272268039287,1742030876
2025-03-15 11:38:00,126.273542,45.6448463,545.7,266.41938,13.0,19.772941,立功村,11:38:13,31,62.53,67.3,73.6,9C8672,A320NEO,126.274,45.63,0,-0.5,1009.1,39.8,1.1,1738.4082330838355,1742038680
2025-03-15 11:38:38,126.2015195,45.5997427,718.7,303.471546,4.0,186.242752,松山小学,11:38:52,31,61.93,61.93,72.7,9C8672,A320NEO,126.275,45.685,0,-0.5,1009.1,39.6,1.7,11096.81046127588,1742038718
2025-03-15 11:44:52,126.0310237,45.6485897,2937.2,450.711739,8.4,269.015613,松山小学,11:45:06,32,63.25,63.25,74.6,CA1644,B737,126.275,45.685,0,-0.7,1009.0,39.4,2.0,19663.30903818681,1742039092
2025-03-15 11:47:03,125.9334737,45.5349827,3413.8,480.862221,9.9,142.860995,松山小学,11:47:17,32,61.31,61.31,73.1,9C8944,A320NEO,126.275,45.685,0,-0.5,1009.0,40.4,0.7,31621.60502987873,1742039223
2025-03-15 11:50:41,125.9058265,45.765598,4323.5,517.323658,9.0,273.139306,半岛世家,11:51:03,40,68.88,78.88,78.9,3U8166,A333,126.279,45.631,0,-0.3,1009.0,37.5,2.1,32983.70256563573,1742039441
2025-03-15 11:51:38,126.1130355,45.6069781,1459.4,365.611955,4.5,155.084092,松山小学,11:51:41,31,62.02,65.03,72.5,3U8166,A333,126.275,45.685,0,-0.3,1009.0,36.1,2.2,15388.2865447516,1742039498
2025-03-15 12:06:24,125.8677848,45.5717712,3363.3,452.912921,5.6,178.823739,苇塘沟屯,12:06:36,33,70.32,83.75,76.1,RY8904,B738,126.279,45.661,0,-0.2,1008.8,33.3,1.8,33748.48819370105,1742040384
2025-03-15 12:13:44,126.0711838,45.5769443,1886.8,352.059977,7.2,147.77929,厢白二屯,12:14:13,72,74.85,85.64,81.6,9C8671,A320NEO,126.165,45.557,0,-0.4,1008.7,34.3,1.3,7882.186982741204,1742040824
2025-03-15 12:23:46,126.1748607,45.617039,981.2,313.623038,6.2,129.600536,厢白二屯,12:23:51,70,74.78,85.92,79.8,PN6339,A321,126.165,45.557,0,-0.4,1008.6,30.6,3.5,6788.948941812369,1742041426
2025-03-15 14:41:24,126.06522,45.4312903,1084.0,335.726511,3.3,28.051065,农丰满族锡伯族镇中心学校,14:41:38,31,56.32,65.35,73.2,FU6717,B738,126.12,45.5,0,-0.8,1007.8,31.3,0.4,8823.665245876624,1742049684
2025-03-15 15:18:40,126.1022474,45.559558,1553.0,342.20789,6.8,168.451944,厢白五屯,15:18:52,32,67.93,77.93,76.8,HU7209,B789,126.186,45.564,0,-0.8,1007.5,34.3,1.1,6739.555886957708,1742051920
2025-03-15 15:42:53,126.008722,45.4699026,903.0,365.512231,4.0,47.769633,厢白二屯,15:42:54,71,73.54,89.56,78.4,HU7325,A333,126.165,45.557,0,-0.6,1007.3,34.3,1.2,15610.099696252968,1742053373
2025-03-15 16:53:52,125.7318578,45.699206,5078.3,547.714298,10.0,212.157619,半岛世家,16:54:03,35,68.2,79.34,75.8,CZ6360,A320NEO,126.279,45.631,0,-1.2,1006.9,35.3,1.6,43620.71483928446,1742057632
2025-03-15 17:08:38,126.2288405,45.6523879,534.0,329.155125,7.6,146.05164,八里堡,17:08:53,33,69.45,82.68,75.2,HU7210,B789,126.289,45.651,0,-1.1,1006.9,34.7,1.5,4722.329185249366,1742058518
2025-03-15 17:24:18,126.2768333,45.6482563,482.3,305.175658,14.0,18.398224,苇塘沟屯,17:24:37,40,72.34,84.64,78.9,HU7326,A333,126.279,45.661,0,-1.8,1007.0,36.7,0.6,1505.8079045743084,1742059458
2025-03-15 21:15:38,126.1245075,45.586394,1146.2,323.293782,7.2,264.917284,八里堡,21:15:52,26,60.99,67.98,70.3,CA1622,A332,126.289,45.651,0,-6.0,1006.4,57.1,0.1,14748.072650364658,1742073338
2025-03-15 22:51:40,126.2136112,45.5921495,250.8,242.828639,6.0,39.247875,八里堡,22:51:54,24,63.24,71.02,71.3,O37601,B734,126.289,45.651,0,-6.5,1005.8,60.7,0.1,8798.75323515063,1742079100
2025-03-16 08:15:53,126.0298109,45.6058277,2376.2,424.756538,8.0,206.042941,八里堡,08:16:04,48,73.27,86.7,80.1,ZH9757,A320NEO,126.289,45.651,0,-5.9,1002.3,52.7,0.8,20964.8055658445,1742112953
2025-03-16 08:22:41,126.0339225,45.6509164,2697.1,445.262786,10.3,231.340596,徐家窝棚,08:22:55,31,60.44,60.44,78.7,CA2998,B737,126.259,45.656,161,-5.5,1002.3,48.3,1.1,17739.006480039552,1742113361
2025-03-16 10:19:06,126.1458949,45.5787668,1141.8,320.136514,7.2,92.742615,农丰满族锡伯族镇中心学校,10:19:22,33,56.79,56.79,82.4,EU2796,ARJ21,126.12,45.5,0,-2.1,1001.5,36.3,0.5,9057.969212760572,1742120346
2025-03-16 10:35:24,126.1435787,45.685709,2227.9,424.202852,10.9,179.123806,立功村,10:35:38,31,64.93,74.93,72.1,CZ6261,B773,126.274,45.63,0,-2.0,1001.3,35.0,0.8,12111.028315852876,1742121324
2025-03-16 12:20:33,125.748373,45.547623,5036.0,639.806363,12.0,219.126036,徐家窝棚,12:20:50,39,69.37,80.16,77.2,MU5613,A320,126.259,45.656,161,-0.6,999.9,33.6,0.2,41920.04012199343,1742127633
2025-03-16 12:53:00,125.8139978,45.5965924,4700.9,605.41015,9.6,212.375982,半岛世家,12:53:06,33,67.36,80.79,73.0,CA2740,A321NEO,126.279,45.631,0,-0.2,999.5,33.1,1.85,36786.34542049626,1742129580
2025-03-16 13:18:08,126.0937052,45.5637255,1730.2,372.472565,5.9,133.124823,徐家窝棚,13:18:22,31,63.05,66.06,71.7,HU7074,A332,126.259,45.656,161,-0.9,999.3,35.5,0.8,16552.250229826466,1742131088
2025-03-16 13:31:46,126.1312962,45.6078805,1263.6,388.671298,6.1,161.092973,松山小学,13:32:01,32,62.29,68.31,71.7,9C6804,A320NEO,126.275,45.685,0,-0.5,999.1,33.6,1.0,14163.328829773394,1742131906
2025-03-16 15:10:21,126.0454057,45.572835,2321.8,414.489063,6.5,122.840134,农丰满族锡伯族镇中心学校,15:10:35,31,63.03,63.03,73.3,DR5009,B738,126.12,45.5,0,-0.1,998.5,32.6,2.3,10242.240929647474,1742137821
2025-03-16 15:48:05,126.0359869,45.627995,2021.3,392.192183,6.3,130.765906,农丰满族锡伯族镇中心学校,15:48:12,31,62.29,65.3,77.3,ZH9673,A320,126.12,45.5,0,-0.6,998.5,33.6,0.8,15797.249836690207,1742140085
2025-03-16 18:39:56,125.985338,45.652411,2698.9,482.714266,7.6,222.450636,徐家窝棚,18:40:10,31,53.93,65.69,80.0,MF8248,B738,126.259,45.656,161,-4.4,998.5,47.7,0.1,21489.30158872537,1742150396
2025-03-16 21:17:36,126.2277726,45.5359201,809.4,338.891292,5.7,28.517457,八里堡,21:17:50,26,63.44,70.43,72.5,CA1622,A332,126.289,45.651,0,-6.4,998.2,57.5,0.1,13678.328121144728,1742159856
2025-03-17 06:38:01,126.3304474,45.5975364,2667.6,448.893927,10.3,68.187902,八里堡,06:38:04,28,74.29,77.3,84.9,GJ8187,A320NEO,126.289,45.651,0,-9.0,995.9,75.1,0.09,7272.7110134936975,1742193481
2025-03-17 07:22:36,126.0939525,45.684664,2348.2,479.435208,10.8,188.235903,松山小学,07:22:50,31,56.5,56.5,75.4,HU7627,B738,126.275,45.685,0,-7.8,996.2,75.7,0.1,14300.691518154352,1742196156
2025-03-17 07:59:48,125.819275,45.608903,4907.0,580.515596,11.0,219.173656,八里堡,08:00:07,38,71.12,84.13,77.0,FU6695,B738,126.289,45.651,0,-6.9,996.5,74.8,1.7,37264.43367079768,1742198388
2025-03-17 08:21:12,125.9104223,45.6261153,4050.8,584.077608,9.8,245.063895,八里堡,08:21:25,40,74.18,80.2,83.3,LT8887,A321,126.289,45.651,0,-6.1,996.6,72.7,2.3,29930.26753783748,1742199672
2025-03-17 09:03:59,126.2169392,45.6785362,1152.5,383.876061,9.0,312.414278,松山小学,09:04:13,31,61.07,61.07,72.9,CZ5969,A321NEO,126.275,45.685,0,-4.0,996.7,52.0,3.0,4723.173237686738,1742202239
2025-03-17 09:08:21,125.8574608,45.7231658,4183.0,526.423677,8.5,283.64817,八里堡,09:08:34,31,69.07,75.1,79.4,MF8745,B738,126.289,45.651,0,-4.0,996.8,50.2,2.9,34823.403741291186,1742202501
2025-03-17 09:52:19,125.902818,45.6117062,3784.2,563.485,14.0,261.350665,农丰满族锡伯族镇中心学校,09:52:33,31,62.18,73.32,72.9,HU8003,B738,126.12,45.5,0,-2.4,996.8,47.8,3.0,21360.85408431818,1742205139
2025-03-17 11:54:39,126.2724952,45.642642,485.5,264.284661,9.0,33.857899,八里堡,11:54:51,34,73.49,76.5,84.5,CA1644,B737,126.289,45.651,0,-1.4,996.9,40.2,2.2,1659.5926635257758,1742212479
2025-03-17 14:40:03,125.9664383,45.6571043,2724.3,453.04877,7.1,154.670232,徐家窝棚,14:40:17,31,61.75,64.76,85.3,MF8740,B737,126.259,45.656,161,-1.2,996.2,33.5,2.5,22951.64293278404,1742222403
2025-03-17 14:46:43,125.9184294,45.5112014,3218.4,439.383276,4.6,179.832436,苇塘沟屯,14:46:59,33,69.55,82.77,74.7,HU7764,A332,126.279,45.661,0,-0.8,996.2,33.2,0.7,32861.22446797752,1742222803
2025-03-17 14:46:45,125.9754532,45.5522198,3456.9,483.873807,5.3,211.134224,徐家窝棚,14:46:46,32,71.13,71.13,87.8,HU7764,A332,126.259,45.656,161,-0.8,996.2,33.3,0.7,25170.99577969496,1742222805
2025-03-17 14:50:15,126.1690307,45.6445661,1072.7,328.321144,8.4,108.221656,徐家窝棚,14:50:29,32,47.83,54.82,81.7,PN6340,A321,126.259,45.656,161,-0.8,996.2,33.3,3.7,7186.060787652452,1742223015
2025-03-17 15:24:47,126.1894005,45.598702,990.0,316.209726,3.5,186.164208,徐家窝棚,15:25:01,31,62.36,62.36,85.1,8L9592,B738,126.259,45.656,161,-1.4,996.3,35.4,3.5,8409.107840149141,1742225087
2025-03-17 16:52:10,125.968477,45.5042261,2794.5,499.513188,8.3,169.30111,半岛世家,16:52:25,32,66.62,80.05,71.6,HU7210,B789,126.279,45.631,0,-1.7,996.7,36.9,3.0,28183.254453333466,1742230330
2025-03-17 17:41:55,125.9145541,45.5719706,3107.0,470.296099,7.8,102.657372,苇塘沟屯,17:42:13,38,71.24,83.55,77.9,HU7326,A333,126.279,45.661,0,-2.8,997.2,44.3,2.3,30265.77313963494,1742233315
2025-03-17 19:20:42,125.8506785,45.6933395,3575.2,537.341868,13.5,170.176168,立功村,19:20:56,34,69.19,81.49,75.1,MU5598,A321NEO,126.274,45.63,0,-4.3,998.2,57.8,0.5,33932.137680651904,1742239242
2025-03-17 20:39:59,126.1008394,45.5695024,1217.7,422.595147,6.1,227.747649,徐家窝棚,20:40:04,27,74.65,74.65,86.5,CZ6148,A321,126.259,45.656,161,-5.1,998.7,60.9,0.9,15677.664015377355,1742243999
2025-03-17 20:41:03,126.226387,45.693582,1260.5,373.482162,17.0,170.246398,徐家窝棚,20:41:16,26,55.76,60.53,85.5,CN7140,B738,126.259,45.656,161,-5.1,998.7,60.9,0.5,5011.887260148832,1742244063
2025-03-17 20:41:36,126.1840882,45.6767497,1658.9,368.419779,11.9,253.940394,徐家窝棚,20:42:02,29,74.77,77.78,87.6,CN7140,B738,126.259,45.656,161,-5.1,998.7,61.0,0.8,6453.854323973071,1742244096
2025-03-18 00:28:27,126.2095075,45.5886302,399.8,246.44222,5.5,39.28728,半岛世家,00:28:42,26,67.72,81.34,71.8,GS7920,EMB195,126.279,45.631,0,-8.0,999.0,71.8,0.1,7191.969718417521,1742257707
2025-03-18 00:28:46,126.243315,45.6181381,487.0,253.259084,6.7,27.400425,八里堡,00:29:05,29,68.13,80.17,73.4,GS7920,EMB195,126.289,45.651,0,-8.0,999.0,71.8,0.1,5125.236844085708,1742257726
2025-03-18 00:28:54,126.2523637,45.628963,539.3,266.955717,4.0,14.126321,苇塘沟屯,00:29:07,28,71.82,83.28,77.7,GS7920,EMB195,126.279,45.661,0,-8.0,999.0,71.8,0.1,4157.272704789177,1742257734
2025-03-18 00:29:23,126.2481195,45.635834,502.5,299.246023,6.0,199.2863,松山小学,00:29:36,27,68.34,80.39,73.9,GS7920,EMB195,126.275,45.685,0,-8.0,999.0,71.8,0.1,5874.114960958882,1742257763
2025-03-18 00:29:29,126.264926,45.6640746,734.0,339.892312,9.8,295.204655,太安村委会,00:29:43,28,68.38,81.39,73.4,GS7920,EMB195,126.273,45.69,0,-8.0,999.0,71.8,0.1,3039.474346010866,1742257769
2025-03-18 07:49:36,126.07868,45.6108927,3382.7,492.145202,11.3,231.914436,徐家窝棚,07:49:53,32,74.04,74.04,87.7,MU6236,A320NEO,126.259,45.656,161,-6.7,999.1,67.2,0.1,15274.958419932322,1742284176
2025-03-18 08:00:47,125.6524,45.464172,5577.0,737.926141,8.0,217.761474,立功村,08:00:55,38,68.81,75.8,78.0,LT4355,A320,126.274,45.63,0,-6.3,999.1,65.8,0.1,52244.48999077573,1742284847
2025-03-18 08:01:06,126.0434712,45.6462974,2453.1,486.032097,8.7,93.884586,徐家窝棚,08:01:26,59,74.11,74.11,88.3,LT4355,A320,126.259,45.656,161,-6.2,999.1,65.8,0.1,16993.48159145019,1742284866
2025-03-18 08:10:23,126.2669075,45.638031,403.5,275.64953,13.0,38.178848,徐家窝棚,08:10:39,55,72.75,72.75,83.0,CZ683,A321,126.259,45.656,161,-4.8,999.2,59.7,0.3,2104.2331075819798,1742285423
2025-03-18 08:20:23,126.1701374,45.729334,1825.2,401.412309,11.8,305.820876,徐家窝棚,08:20:40,49,74.62,74.62,83.3,MU5518,A320NEO,126.259,45.656,161,-4.3,999.2,56.9,0.7,10823.497254909636,1742286023
2025-03-18 08:23:06,126.102796,45.6280405,3546.2,500.692936,8.8,208.421052,徐家窝棚,08:23:17,53,74.55,74.55,86.4,ZH9757,A320NEO,126.259,45.656,161,-4.1,999.2,56.2,0.4,13019.543033544482,1742286186
2025-03-18 08:23:59,126.0981277,45.6650312,2088.7,429.871133,9.1,199.712682,徐家窝棚,08:24:52,70,74.7,74.7,85.5,CZ6259,A333,126.259,45.656,161,-4.0,999.2,55.8,0.1,12726.856625235432,1742286239
2025-03-18 08:25:00,126.149678,45.6776702,1674.0,407.134429,7.2,224.992375,徐家窝棚,08:25:01,47,74.76,74.76,85.8,CZ6259,A333,126.259,45.656,161,-3.9,999.2,55.4,0.1,8982.659338198342,1742286300
2025-03-18 08:28:43,125.8891251,45.5368895,3208.0,536.909401,5.1,148.879097,徐家窝棚,08:29:07,61,74.08,74.08,86.0,CZ631,A320NEO,126.259,45.656,161,-3.9,999.2,53.0,0.5,31904.93692330424,1742286523
2025-03-18 08:52:38,125.9914365,45.6594358,3040.7,515.048221,6.8,230.445436,徐家窝棚,08:52:59,63,74.82,74.82,83.1,CA1640,A332,126.259,45.656,161,-2.3,999.3,47.8,0.5,21060.29092371089,1742287958
2025-03-18 09:48:24,126.1562995,45.6360078,1203.4,364.607892,6.9,185.602124,八里堡,09:48:38,33,71.93,78.92,83.2,CZ6271,A333,126.289,45.651,0,-1.4,999.2,36.7,0.7,10548.422952986071,1742291304
2025-03-18 10:01:09,125.8068305,45.6765107,3737.2,569.197063,5.7,182.830203,厢白五屯,10:01:43,41,69.25,69.25,78.9,CA8301,A333,126.186,45.564,0,-1.8,999.2,38.0,1.1,32333.26882999682,1742292069
2025-03-18 10:15:17,125.8863601,45.7133478,3397.4,562.925822,6.8,231.873323,徐家窝棚,10:15:27,31,63.5,68.27,82.4,QW6099,A320NEO,126.259,45.656,161,-0.5,999.1,36.7,0.7,29904.82964584824,1742292917
2025-03-18 10:41:19,126.2781448,45.6582755,685.2,305.669781,8.5,358.611283,徐家窝棚,10:41:33,32,63.98,66.99,78.2,SC8436,B738,126.259,45.656,161,0.1,999.0,36.4,3.1,1601.7401908494471,1742294479
2025-03-18 11:37:50,126.2718025,45.6604727,798.0,288.387622,5.0,335.329096,徐家窝棚,11:38:04,31,63.9,66.91,72.7,9C8672,A320NEO,126.259,45.656,161,0.5,998.8,34.2,0.2,1284.0207451168617,1742297870
2025-03-18 11:53:26,126.17635,45.6947915,1024.2,313.705459,4.8,140.681766,八里堡,11:53:42,41,74.07,86.11,80.5,MU2211,A321,126.289,45.651,0,0.4,998.6,34.7,0.3,10089.578488114184,1742298806
2025-03-18 14:16:21,126.108461,45.5982168,3316.0,513.947825,10.0,231.766551,厢白二屯,14:16:35,35,73.93,76.94,84.5,9C6426,A320NEO,126.165,45.557,0,1.7,997.5,33.7,1.1,7174.664526765227,1742307381
2025-03-18 15:16:18,125.9179685,45.520362,4093.2,539.285362,4.8,144.396309,徐家窝棚,15:16:33,32,60.79,63.8,74.2,KY8249,B737MAX8,126.259,45.656,161,1.0,997.4,30.9,0.1,30847.716615860387,1742310978
2025-03-18 17:00:18,126.226099,45.6798765,909.9,336.018267,6.5,184.855559,徐家窝棚,17:00:32,31,62.78,62.78,76.6,FM9063,A321,126.259,45.656,161,0.7,997.8,30.9,0.6,3765.462807299432,1742317218
2025-03-18 18:40:14,126.2751118,45.6706909,1157.1,317.531966,4.8,136.936585,林场村,18:40:28,31,65.75,78.53,70.4,EU2824,ARJ21,126.323,45.682,0,-2.2,998.1,39.4,0.1,4104.03097764324,1742323214
2025-03-18 18:45:32,126.1404123,45.561008,1448.5,436.807045,5.3,228.523135,徐家窝棚,18:45:45,31,42.85,42.85,80.9,SC8414,B737,126.259,45.656,161,-2.3,998.1,40.1,0.1,14097.877964373522,1742323532
2025-03-18 22:34:43,125.7708213,45.619935,2006.3,454.71102,4.0,74.067941,林场村,22:34:57,28,66.73,79.52,70.8,LT4320,A321,126.323,45.682,0,-6.0,997.9,49.9,1.5,43643.81082978584,1742337283
2025-03-18 23:59:07,126.0213412,45.6260561,2313.6,419.259514,5.6,154.504087,徐家窝棚,23:59:21,24,52.1,52.1,74.5,MF8083,B738,126.259,45.656,161,-6.8,997.6,52.9,2.1,18951.327097418096,1742342347
2025-03-19 11:28:37,126.2465187,45.664736,1236.1,377.806413,6.4,158.967226,八里堡,11:28:52,35,73.46,81.24,82.9,MU2719,A321,126.289,45.651,0,6.6,993.0,29.4,4.0,3850.1640715017897,1742383717
2025-03-19 11:46:44,126.2629791,45.6554125,1088.6,314.377392,6.2,136.172723,徐家窝棚,11:46:58,32,64.19,71.18,72.4,HU7073,A332,126.259,45.656,161,7.2,992.7,28.7,5.0,980.2613049037308,1742384804
2025-03-25 15:06:37,126.0165864,45.6028612,2609.5,447.960239,9.1,140.169936,八里堡,15:06:50,31,72.15,78.17,83.6,HU7764,A332,126.289,45.651,0,1.8,978.4,48.9,5.0,22066.12455919219,1742915197
2025-03-25 15:07:36,125.9545516,45.6180865,3203.8,520.324651,7.6,197.797392,松山小学,15:07:49,31,66.21,79.43,72.3,HU7764,A332,126.275,45.685,0,1.8,978.4,48.9,4.9,26264.63273340338,1742915256
2025-03-25 18:27:22,125.9821595,45.5218605,2889.9,486.104982,6.7,113.473186,林场村,18:27:49,34,65.7,65.7,75.4,FM9064,A321,126.323,45.682,0,-0.2,981.6,52.1,0.4,32135.557782727697,1742927242
2025-03-25 18:32:40,126.1739312,45.63862,1731.2,388.247314,7.5,84.5016,厢白五屯,18:32:55,32,65.1,74.64,74.4,ZH9623,A319,126.186,45.564,0,-0.1,981.5,51.8,1.1,8525.56146098175,1742927560
2025-03-25 18:33:32,126.0823167,45.619517,4036.8,577.359558,13.0,119.760243,林场村,18:33:50,34,66.05,69.06,75.0,CZ6203,A350,126.323,45.682,0,-0.1,981.5,51.8,1.0,20414.550692699027,1742927612
2025-03-25 18:51:46,126.2628226,45.6705882,2117.6,425.208685,8.6,117.095769,立功村,18:52:03,38,67.27,80.28,73.1,G54282,CRJ9,126.274,45.63,0,-0.2,981.8,49.2,0.7,5059.731863758077,1742928706
2025-03-25 18:51:55,126.2606308,45.7011215,3090.2,502.263148,6.1,168.684424,半岛世家,18:52:09,34,66.65,80.07,72.0,G54282,CRJ9,126.279,45.631,0,-0.2,981.8,49.1,1.0,8507.040130806921,1742928715
2025-03-25 18:55:13,126.178228,45.5533952,2903.4,439.240717,6.4,162.259893,林场村,18:55:27,31,57.68,57.68,74.0,MF8248,B738,126.323,45.682,0,-0.1,981.8,48.5,0.8,18449.55957332261,1742928913
2025-03-26 07:02:06,126.0469534,45.4389691,2416.1,444.364257,9.6,219.083346,厢白头屯,07:02:20,32,64.73,74.28,72.4,LT4347,A320,126.181,45.535,0,-2.1,983.2,69.7,0.2,15154.185715353016,1742972526
2025-03-26 07:18:16,126.273824,45.644901,669.8,282.807842,7.0,183.203246,厢白头屯,07:18:30,31,63.04,66.05,74.5,3U3303,A320,126.181,45.535,0,-1.4,983.0,67.2,0.7,14217.476650787656,1742973496
2025-03-26 07:32:25,126.1579427,45.533391,1005.0,401.1363,4.0,219.69297,厢白头屯,07:32:40,31,64.98,67.99,76.2,3U6406,A321NEO,126.181,45.535,0,-1.1,983.0,66.7,2.2,2070.314588551614,1742974345
2025-03-26 07:47:11,126.2836396,45.7493647,1301.6,356.522789,4.0,220.604441,农丰满族锡伯族镇中心学校,07:47:25,42,70.56,70.56,78.6,MU5620,A320NEO,126.12,45.5,0,-1.1,983.3,67.4,3.2,30543.081908862307,1742975231
2025-03-26 07:47:45,126.3219102,45.7853758,1088.8,331.374009,7.4,274.307033,厢白五屯,07:48:08,45,72.54,84.84,79.8,MU6236,A320NEO,126.186,45.564,0,-1.1,983.3,67.5,2.8,26811.230433290813,1742975265
2025-03-26 07:50:55,126.0853323,45.471451,2099.8,463.565473,10.5,219.190907,林场村,07:51:14,52,71.42,85.04,77.1,O37602,B734,126.323,45.682,0,-1.0,983.4,68.3,2.4,29940.377851396774,1742975455
2025-03-26 07:52:28,126.1431324,45.5421062,1913.4,399.250749,8.6,204.921886,农丰满族锡伯族镇中心学校,07:52:42,31,61.57,61.57,73.5,CZ6257,A321NEO,126.12,45.5,0,-1.0,983.4,68.4,2.9,5369.844558592582,1742975548
2025-03-26 07:52:39,126.1233451,45.5684808,1837.8,403.942116,8.0,184.788857,立功村,07:52:55,42,74.41,84.83,82.9,O37602,B734,126.274,45.63,0,-1.0,983.4,68.4,2.9,13723.7911432871,1742975559
2025-03-26 08:06:17,126.1161829,45.6658876,2928.9,474.015095,9.4,160.34036,厢白五屯,08:06:37,42,72.18,83.32,80.5,CZ6259,A333,126.186,45.564,0,-0.8,983.0,69.5,3.7,12905.155337047216,1742976377
2025-03-26 08:09:48,125.9420386,45.4931769,4246.4,620.526921,6.8,161.441504,林场村,08:10:03,33,67.07,79.62,72.9,QW9881,A320,126.323,45.682,0,-0.8,983.1,69.2,2.5,36648.98044266939,1742976588
2025-03-26 08:16:20,126.2983921,45.6103557,1119.3,358.739485,3.5,151.279752,林场村,08:16:33,32,64.25,74.25,72.6,CA1621,A332,126.323,45.682,0,-0.6,983.0,69.3,3.1,8267.512428700822,1742976980
2025-03-26 08:32:12,126.117507,45.4240192,2617.8,505.041877,11.4,158.99009,林场村,08:32:30,38,67.68,80.47,73.4,CZ6657,A321,126.323,45.682,0,0.4,982.8,68.1,0.5,32967.9018997045,1742977932
2025-03-26 08:40:49,126.116047,45.5811128,1239.5,389.523857,7.2,179.590246,厢白头屯,08:41:03,31,64.13,67.14,74.2,CZ6219,A333,126.181,45.535,0,0.7,982.6,66.7,2.8,7316.556999061712,1742978449
2025-03-26 08:51:01,125.9857122,45.3885651,3145.1,480.868896,7.7,222.250446,立功村,08:51:17,39,72.25,83.05,80.0,CA1603,B738,126.274,45.63,0,0.8,982.5,67.6,1.8,35185.95769346188,1742979061
2025-03-26 10:34:03,126.184502,45.961071,7200.0,734.443519,13.0,18.983217,林场村,10:34:21,38,68.28,80.32,73.9,EU2796,ARJ21,126.323,45.682,0,2.4,980.8,65.0,1.8,33630.65356203391,1742985243
2025-03-26 10:35:00,125.9942412,45.526481,4108.0,498.664308,7.2,193.492321,八里堡,10:35:15,34,68.94,79.73,76.1,EU2796,ARJ21,126.289,45.651,0,2.4,980.9,65.0,1.4,27165.03292052351,1742985300
2025-03-26 11:07:27,126.030661,45.6432978,1710.7,404.587701,3.4,129.701913,立功村,11:07:44,40,72.85,82.85,82.4,CA2739,A321NEO,126.274,45.63,0,2.6,979.7,63.1,2.3,19109.5828296286,1742987247
2025-03-26 11:09:30,125.8850075,45.6902812,2441.9,475.762516,6.6,70.072172,林场村,11:09:35,32,66.9,78.66,72.7,FM9061,A332,126.323,45.682,0,2.6,979.7,63.6,1.3,34225.73865470989,1742987370
2025-03-26 11:50:46,126.306587,45.830632,967.0,312.922242,3.0,122.185108,农丰满族锡伯族镇中心学校,11:51:00,31,66.08,79.7,70.8,MU9842,A332,126.12,45.5,0,1.3,978.6,75.9,0.6,39534.90803808248,1742989846
2025-03-26 12:06:02,126.1060634,45.6073176,2110.0,415.975621,3.7,237.387008,厢白头屯,12:06:17,31,62.17,62.17,73.6,9C8674,A320NEO,126.181,45.535,0,1.3,978.2,78.2,4.9,10163.881193816143,1742990762
2025-03-26 13:14:58,125.923181,45.5638788,2912.0,559.134499,8.9,110.29513,林场村,13:15:16,39,69.68,81.44,77.5,AQ1509,B738,126.323,45.682,0,1.1,977.7,78.3,0.2,33964.7863717858,1742994898
2025-03-26 13:59:47,125.7806183,45.3081947,4655.3,492.829722,13.3,233.530556,厢白头屯,14:00:05,35,72.17,79.95,83.1,MU2212,A321,126.181,45.535,0,1.2,976.9,78.3,1.0,40499.544225019694,1742997587
2025-03-26 13:59:47,125.7806183,45.3081947,4655.3,492.829722,13.3,233.530556,林场村,14:00:00,38,70.07,80.07,77.1,CZ6169,B738,126.323,45.682,0,1.2,976.9,78.3,1.0,59561.27279925743,1742997587
2025-03-26 14:21:31,126.622054,45.838211,1234.0,358.145389,5.0,299.08338,立功村,14:21:48,41,71.79,82.93,80.3,KY8249,B737MAX8,126.274,45.63,0,1.8,976.0,79.0,1.3,35653.722097601654,1742998891
2025-03-26 15:09:29,125.759627,45.49108,4221.0,635.764923,9.0,50.792797,林场村,15:09:49,38,69.2,81.76,75.7,HO1179,A321NEO,126.323,45.682,0,2.5,975.4,77.5,0.3,49015.5131014564,1743001769
2025-03-26 15:16:00,126.3400748,45.7724832,1989.1,368.1087,7.3,103.322549,厢白头屯,15:16:15,31,60.85,60.85,70.8,OZ340,A320NEO,126.181,45.535,0,2.7,975.1,77.0,1.4,29234.419314450985,1743002160
2025-03-26 15:30:25,126.3256491,45.6241711,2400.0,478.583557,6.7,180.127572,林场村,15:30:46,43,70.64,83.2,77.9,HU7209,B789,126.323,45.682,0,2.7,975.3,75.7,1.3,6865.075283992106,1743003025
2025-03-26 15:31:28,126.3349062,45.62969,1787.8,405.052464,5.9,141.863929,八里堡,15:31:44,36,71.2,82.66,79.2,HU7209,B789,126.289,45.651,0,2.7,975.3,75.7,0.9,4649.780166353483,1743003088
2025-03-26 15:31:49,126.4353487,45.683503,1719.0,408.405277,5.7,115.274292,半岛世家,15:32:07,41,69.58,81.34,76.0,HU7209,B789,126.279,45.631,0,2.7,975.3,75.8,1.1,13621.71304108365,1743003109
2025-03-26 15:31:52,126.3286657,45.6384907,1854.5,405.672328,5.2,162.764571,立功村,15:32:09,40,73.29,83.7,81.2,HU7209,B789,126.274,45.63,0,2.7,975.3,75.8,1.2,4743.765417410292,1743003112
2025-03-26 15:49:35,126.2941372,45.71997,1776.6,371.456226,2.6,207.212178,西下坎,15:49:50,31,60.81,63.82,74.1,GJ8787,A320,126.298,45.671,0,2.9,975.2,75.4,1.5,5734.026731712247,1743004175
2025-03-26 17:06:31,126.2587657,45.7307848,919.4,307.850541,5.7,175.276852,厢白五屯,17:06:54,48,73.09,85.88,79.9,HU7210,B789,126.186,45.564,0,1.7,975.1,82.4,0.1,19408.83175767917,1743008791
2025-03-26 17:25:29,126.1892063,45.6347178,1688.9,377.765973,4.3,171.358454,农丰满族锡伯族镇中心学校,17:25:46,33,63.44,68.21,73.9,MU5198,A320NEO,126.12,45.5,0,1.6,974.9,83.4,0.1,16009.235051193062,1743009929
2025-03-26 17:32:17,125.7701033,45.6656497,3553.0,619.472699,6.3,66.21155,林场村,17:32:38,43,69.18,81.73,75.4,GS7641,A320,126.323,45.682,0,1.7,974.9,83.6,0.2,43276.39489534004,1743010337
2025-03-27 08:00:52,126.0763995,45.779404,2784.5,487.849986,13.0,288.366165,徐家窝棚,08:01:15,37,74.62,77.63,85.9,CZ6257,A321NEO,126.259,45.656,161,-2.0,984.1,79.6,1.3,19932.337098301858,1743062452
2025-03-27 08:17:14,125.9213163,45.5330047,4652.7,607.938597,11.7,228.138763,八里堡,08:17:43,35,71.15,78.93,78.0,LT4355,A320,126.289,45.651,0,-2.0,984.4,79.2,2.4,31898.373447844268,1743063434
2025-03-27 08:52:48,125.9061581,45.6608065,3866.4,559.579309,11.6,252.004347,八里堡,08:53:03,31,66.09,74.54,74.7,LT4319,A321,126.289,45.651,0,-2.0,984.9,78.8,1.5,30117.577300033223,1743065568
2025-03-27 10:05:39,126.262436,45.634135,419.0,286.350588,14.0,39.093566,八里堡,10:05:53,34,74.23,74.23,86.5,CA2730,A332,126.289,45.651,0,-1.3,985.6,74.4,1.8,2824.6140434217814,1743069939
2025-03-27 11:42:26,125.9743229,45.5676598,4282.9,548.575265,8.2,172.924227,厢白五屯,11:42:39,32,64.44,74.44,72.5,CZ3615,B773,126.186,45.564,0,-0.6,987.1,64.7,2.5,17081.17587026908,1743075746
2025-03-27 13:17:43,126.0288418,45.4480761,2757.6,433.036076,6.2,96.349466,林场村,13:17:57,32,67.15,67.15,75.2,CA2718,A320,126.323,45.682,0,0.5,987.7,58.2,3.1,34805.53890769564,1743081463
2025-03-27 13:35:34,126.071891,45.5651474,2805.9,461.987544,6.0,104.735338,林场村,13:35:48,32,65.01,65.01,76.7,HU7074,A332,126.323,45.682,0,0.8,987.9,58.2,1.8,23670.462335674463,1743082534
2025-03-27 13:50:25,125.8418305,45.4548355,3259.0,438.881494,6.5,85.873297,厢白五屯,13:50:39,31,65.53,78.09,71.7,CZ6220,A330,126.186,45.564,0,1.1,988.0,56.3,2.7,29691.97531845161,1743083425
2025-03-27 15:08:07,126.0548382,45.5352782,4045.8,473.531606,7.0,153.793676,半岛世家,15:08:29,51,71.32,84.94,78.2,HU7764,A332,126.279,45.631,0,1.7,988.5,57.3,2.0,20877.420621891957,1743088087
2025-03-27 16:03:16,125.8553097,45.5049499,4690.5,527.237951,10.2,164.762785,立功村,16:03:33,47,70.4,83.41,78.2,FU6718,B738,126.274,45.63,0,2.8,988.6,51.1,3.2,35838.3839070714,1743091396
2025-03-27 18:19:29,126.0119492,45.6635902,3003.8,441.266638,10.2,148.570163,半岛世家,18:19:53,52,71.43,84.85,78.6,HU7326,A333,126.279,45.631,0,-0.1,990.7,71.1,0.5,21347.792264336927,1743099569
2025-03-27 18:53:49,126.0499388,45.556875,3232.2,485.336262,9.2,139.371948,立功村,18:54:04,33,67.23,80.02,72.9,CZ6203,A350,126.274,45.63,0,-0.2,991.4,71.5,0.2,19553.794776495277,1743101629
2025-03-27 18:54:02,126.0065434,45.588464,3910.1,531.548555,9.6,165.558499,半岛世家,18:54:16,32,65.98,78.99,71.5,CZ6203,A350,126.279,45.631,0,-0.2,991.4,71.5,0.2,22127.587137312865,1743101642
2025-03-27 19:00:50,126.1096738,45.5766998,2261.4,396.324818,7.2,128.721263,立功村,19:01:06,35,68.0,79.76,75.2,G54282,CRJ9,126.274,45.63,0,-0.3,991.5,71.9,0.3,14304.812952523069,1743102050
2025-03-27 21:24:31,126.1121565,45.494475,818.5,258.942452,4.0,40.067913,农丰满族锡伯族镇中心学校,21:24:46,32,66.77,79.08,74.0,CA2997,B737,126.12,45.5,0,-0.5,992.7,69.0,1.0,1192.8748893014094,1743110671
2025-03-28 08:34:03,125.954367,45.358685,3398.0,602.79684,5.0,219.264633,厢白五屯,08:34:36,59,74.56,88.37,82.9,MU9843,A320,126.186,45.564,0,-2.0,992.9,68.9,1.6,29341.088930001777,1743150843
2025-03-28 08:41:47,126.0549086,45.632558,3052.8,504.511384,6.2,138.055282,林场村,08:42:01,31,64.68,64.68,77.0,CZ6657,A321,126.323,45.682,0,-2.0,992.9,68.4,1.2,21825.3009054946,1743151307
2025-03-28 10:41:14,126.2364404,45.6416185,2806.0,449.591548,7.6,134.050923,半岛世家,10:41:29,35,66.99,78.45,73.9,EU2796,ARJ21,126.279,45.631,0,0.6,992.3,44.3,3.2,4503.698733010064,1743158474
2025-03-28 12:31:13,126.1372832,45.561068,1681.5,384.807818,8.2,174.435144,半岛世家,12:31:31,33,64.87,76.34,71.9,CZ6481,A333,126.279,45.631,0,1.3,991.5,31.8,0.9,13621.83642258989,1743165073
2025-03-28 12:38:05,126.0823584,45.5925688,1899.9,434.833145,5.6,122.129485,立功村,12:38:34,52,72.03,82.44,81.1,EU2730,ARJ21,126.274,45.63,0,1.8,991.5,29.5,2.3,15635.0650560892,1743165485
2025-03-28 12:56:15,126.209717,45.8393037,1076.7,369.217462,4.0,93.450845,立功村,12:56:42,45,72.82,82.36,81.9,MU9863,A321NEO,126.274,45.63,0,1.7,991.3,29.0,3.2,23821.59640653857,1743166575
2025-03-28 13:26:18,126.2563185,45.7443604,1004.6,329.901616,2.7,127.724275,厢白二屯,13:27:06,63,72.61,78.63,79.0,HU7074,A332,126.165,45.557,0,1.5,991.1,28.7,2.5,22031.70612581324,1743168378
2025-03-28 14:28:22,126.2842037,45.663222,914.0,294.128495,6.0,189.752852,农丰满族锡伯族镇中心学校,14:28:37,31,59.08,59.08,73.3,CZ6267,A321,126.12,45.5,0,0.7,990.9,28.7,4.2,22231.34851589564,1743172102
2025-03-28 14:31:22,126.0870845,45.5670322,2571.3,478.742581,5.3,245.102614,林场村,14:31:52,34,64.62,64.62,76.5,MU6981,A321,126.323,45.682,0,1.0,990.8,27.5,3.5,22551.63241322205,1743172282
2025-03-28 15:03:31,126.0516095,45.6072612,1991.5,403.160733,8.3,160.209637,厢白二屯,15:03:59,32,63.6,63.6,74.8,HU7764,A332,126.165,45.557,0,0.6,990.8,30.7,3.7,10654.535195814586,1743174211
2025-03-28 16:14:11,126.2220568,45.6794626,1310.2,392.582846,6.8,152.278912,林场村,16:14:25,31,61.82,61.82,73.6,MU2173,B738,126.323,45.682,0,-0.6,991.0,36.6,2.5,7978.419959286975,1743178451
2025-03-28 16:25:56,126.138872,45.507477,1539.0,436.05241,12.5,218.01346,农丰满族锡伯族镇中心学校,16:26:10,32,64.66,69.44,75.2,EU2797,ARJ21,126.12,45.5,0,-0.8,990.9,39.4,1.7,2288.0377393539266,1743179156
2025-03-28 16:34:35,126.1988818,45.6619708,1172.1,388.048917,3.9,98.461047,厢白五屯,16:34:49,34,67.32,79.87,73.3,CZ3914,B788,126.186,45.564,0,-0.6,990.9,36.9,3.4,10998.7416455306,1743179675
2025-03-28 16:40:53,126.1589077,45.6592601,1503.8,354.461201,4.2,168.09528,农丰满族锡伯族镇中心学校,16:41:07,31,63.48,63.48,73.2,HU7328,A333,126.12,45.5,0,-0.6,990.9,36.8,3.2,18024.20814670416,1743180053
2025-03-28 16:43:55,126.0852023,45.7002126,1962.1,399.943516,3.4,113.034415,半岛世家,16:44:07,33,66.24,78.54,72.0,HU7325,A333,126.279,45.631,0,-0.6,990.9,35.9,2.1,17064.470662840584,1743180235
2025-03-28 17:36:13,126.2160234,45.6038063,1517.1,382.151221,5.7,189.420505,半岛世家,17:36:28,32,66.05,77.81,72.8,EU1902,ARJ21,126.279,45.631,0,-1.3,990.9,40.6,3.1,5964.153257315286,1743183373
2025-03-29 07:13:04,126.1404859,45.5211951,1253.1,384.002777,13.6,226.175225,农丰满族锡伯族镇中心学校,07:13:19,31,50.79,55.56,75.0,GJ8572,A320NEO,126.12,45.5,0,-6.2,992.9,73.2,1.2,3111.8600312712742,1743232384
2025-03-29 07:41:15,126.0808212,45.4501446,2092.0,495.898578,14.8,214.26175,林场村,07:41:29,35,66.23,80.03,72.1,O37602,B734,126.323,45.682,0,-4.5,993.2,65.3,0.6,32034.2275736573,1743234075
2025-03-29 08:19:08,126.1738372,45.5241446,1141.6,374.971456,7.8,206.956046,厢白头屯,08:19:22,32,63.0,69.02,74.4,CZ3906,A320NEO,126.181,45.535,0,-3.2,993.5,56.5,1.1,1752.79009528787,1743236348
2025-03-29 08:34:03,126.0340312,45.4272205,2438.0,484.935336,13.0,219.343392,林场村,08:34:13,42,68.72,68.72,79.7,QW9869,A320NEO,126.323,45.682,0,-2.8,993.8,50.4,0.6,36295.85475943296,1743237243
2025-03-29 08:56:33,126.086769,45.7700846,3654.7,484.537048,6.3,220.601865,农丰满族锡伯族镇中心学校,08:56:47,31,62.69,62.69,76.9,ZH9753,A320NEO,126.12,45.5,0,-2.2,994.1,51.8,0.4,30359.34746444788,1743238593
2025-03-29 09:09:26,126.1401134,45.7506928,2694.6,450.332179,8.3,98.482218,厢白五屯,09:09:41,34,67.21,78.97,73.7,EU1895,ARJ21,126.186,45.564,0,-2.4,994.2,51.8,0.5,21231.981983741567,1743239366
2025-03-29 09:29:44,126.2168593,45.5708266,1725.2,392.229039,9.7,111.73783,厢白头屯,09:29:59,31,61.37,64.38,74.5,ZH9676,A320,126.181,45.535,0,-1.9,994.3,49.5,0.6,5165.105671392842,1743240584
2025-03-29 09:40:51,126.1993964,45.6306738,1650.9,382.548072,5.2,155.284496,厢白头屯,09:41:07,32,61.01,65.78,72.0,GJ8255,A321NEO,126.181,45.535,0,-1.9,994.3,50.0,0.6,10857.608543214008,1743241251
2025-03-29 10:00:33,126.1166878,45.595379,1492.1,388.616002,7.3,166.686698,厢白头屯,10:00:47,31,62.27,69.26,71.3,CA8384,B737MAX8,126.181,45.535,0,-2.2,994.4,51.1,2.4,8513.738023641865,1743242433
2025-03-29 11:30:21,125.890343,45.702334,2941.0,550.919418,6.0,64.727117,厢白二屯,11:30:35,31,61.99,65.0,76.6,CZ6217,A333,126.165,45.557,0,-3.4,994.7,47.5,2.1,26992.600814739704,1743247821
2025-03-29 12:43:38,126.0987382,45.6519134,1895.4,399.990172,4.0,152.46893,林场村,12:43:53,31,62.65,74.95,75.2,CZ6481,A333,126.323,45.682,0,-3.2,995.1,54.5,1.1,17896.323765914018,1743252218
2025-03-29 12:46:30,126.2257731,45.6491535,1390.5,372.192542,4.0,174.668819,厢白头屯,12:46:44,31,63.82,71.6,71.9,MU2702,A320NEO,126.181,45.535,0,-3.6,995.1,56.2,1.2,13234.316160862918,1743252390
2025-03-29 12:48:12,126.065302,45.45421,1996.0,470.932684,11.5,219.574771,半岛世家,12:48:25,34,66.4,78.16,72.0,CZ8759,A359,126.279,45.631,0,-3.7,995.2,57.2,1.4,25861.385585784134,1743252492
2025-03-29 15:26:48,126.422625,45.813126,1203.0,381.873336,2.5,136.082397,林场村,15:27:10,38,68.13,79.27,73.9,HU7209,B789,126.323,45.682,0,-2.0,995.0,37.3,1.3,16553.045079978,1743262008
2025-03-29 15:28:00,126.3669026,45.7116524,723.6,303.601744,3.0,218.734802,立功村,15:28:15,37,70.28,80.69,78.0,HU7209,B789,126.274,45.63,0,-2.0,995.0,37.5,0.9,11632.001051643514,1743262080
2025-03-29 16:01:20,126.2676616,45.6646251,706.0,323.704098,8.1,180.475185,厢白五屯,16:01:34,31,65.73,77.49,71.8,CZ3914,B788,126.186,45.564,0,-1.6,995.2,41.6,0.9,12890.573439541386,1743264080
2025-03-29 18:44:30,126.2610095,45.6461952,579.7,295.200764,6.3,195.368063,西下坎,18:44:31,35,74.11,80.13,82.8,HU7325,A333,126.298,45.671,0,-4.6,996.4,49.0,0.1,4031.088053180285,1743273870
2025-03-30 09:50:01,125.929765,45.3379422,3697.2,636.416374,11.0,219.213132,立功村,09:50:16,37,69.16,77.61,80.3,9C8943,A320NEO,126.274,45.63,0,-2.6,1000.3,38.1,2.3,42339.010691161326,1743328201
2025-03-30 10:09:55,125.9914458,45.5563892,2051.8,441.001176,11.3,158.84262,厢白二屯,10:10:09,31,60.98,60.98,74.3,SC4754,B738,126.165,45.557,0,-2.1,1000.2,37.7,0.9,13707.808290123194,1743329395
2025-03-30 11:01:43,125.796203,45.711786,2220.5,523.264566,7.0,69.705037,苇塘沟屯,11:01:44,34,70.86,73.87,75.7,MU2719,A321,126.279,45.661,0,-1.1,999.9,31.4,1.1,38102.24482949263,1743332503
2025-03-30 11:18:12,126.2805843,45.7713623,862.7,374.408109,3.7,123.800265,西下坎,11:18:26,31,62.34,62.34,77.7,MU6615,A321,126.298,45.671,0,-1.1,999.7,29.9,4.1,11270.776931310931,1743333492
2025-03-30 11:24:06,126.263991,45.6250855,646.3,320.527486,6.6,222.977066,厢白头屯,11:24:33,51,74.62,77.63,87.8,9C8944,A320NEO,126.181,45.535,0,-0.7,999.6,30.0,1.7,11942.956733285137,1743333846
2025-03-30 14:01:03,126.2121702,45.7499832,1413.0,329.142161,6.2,179.059651,厢白头屯,14:01:18,31,60.93,63.94,73.9,8L9660,B738,126.181,45.535,0,0.8,998.3,26.3,1.6,24061.589293490844,1743343263
2025-03-30 15:04:06,126.1974747,45.7580555,1606.8,357.118475,5.0,133.899692,立功村,15:04:24,41,72.93,84.07,80.5,CZ5219,B777,126.274,45.63,0,1.0,997.7,25.0,2.9,15515.828588105787,1743347046
2025-03-30 15:04:24,126.2178439,45.7557334,1426.9,347.795692,4.1,141.425168,半岛世家,15:04:40,37,67.88,80.18,75.1,CZ5219,B777,126.279,45.631,0,1.0,997.8,24.9,2.6,14729.973699963346,1743347064
2025-03-30 15:13:06,126.113608,45.5921493,1333.0,440.68751,8.3,166.496316,厢白二屯,15:13:20,31,59.41,62.42,73.1,GJ8788,A320NEO,126.165,45.557,0,1.0,997.7,25.4,3.1,5756.40745798794,1743347586
2025-03-30 16:13:55,126.1420209,45.5871899,2466.5,438.926202,8.5,214.739379,厢白二屯,16:14:20,36,68.32,74.34,77.1,HU7210,B789,126.165,45.557,0,0.6,997.5,26.6,3.7,4534.896731920397,1743351235
2025-03-30 18:16:05,126.3507526,45.6287955,759.0,345.793098,8.1,278.582495,厢白五屯,18:16:28,47,70.63,82.94,77.7,CZ5219,B777,126.186,45.564,0,-1.0,997.1,32.0,3.0,14754.975081847851,1743358565
2025-03-31 08:08:32,126.1499633,45.5289802,1795.2,419.043759,12.1,207.577422,厢白五屯,08:08:45,33,67.47,81.09,73.6,EU2853,ARJ21,126.186,45.564,0,1.1,993.4,47.9,2.3,5128.186751195745,1743408512
2025-03-31 08:35:28,125.9878755,45.387337,2937.0,510.541012,14.0,219.406394,林场村,08:35:43,32,66.68,78.99,72.5,QW9869,A320NEO,126.323,45.682,0,2.0,993.6,46.0,3.8,42037.67916449678,1743410128
2025-03-31 10:01:17,126.1404516,45.5288971,2224.5,443.94569,10.1,270.198188,厢白五屯,10:01:36,38,68.24,80.28,75.0,EU2819,ARJ21,126.186,45.564,0,5.3,993.9,39.0,1.7,5729.903692135144,1743415277
2025-03-31 10:15:29,126.1742163,45.4513273,2587.3,474.399677,5.3,212.432178,厢白头屯,10:16:07,60,74.81,79.58,84.3,QW6097,A320,126.181,45.535,0,5.2,993.9,38.6,2.4,9669.088920724143,1743416129
2025-03-31 10:32:00,126.086006,45.7587734,2627.2,450.236319,6.2,90.536995,农丰满族锡伯族镇中心学校,10:32:04,36,73.21,77.98,82.8,CA1603,B738,126.12,45.5,0,5.6,993.8,36.7,1.0,29008.17652548536,1743417120
2025-03-31 10:40:22,125.9465403,45.0884857,5151.0,713.658961,9.0,180.446065,厢白五屯,10:40:40,39,69.34,81.64,76.8,QW6095,A320,126.186,45.564,0,6.6,994.0,35.2,0.3,56341.52863655154,1743417622
2025-03-31 10:48:34,126.0412288,45.433308,2265.0,472.960867,7.8,219.605706,农丰满族锡伯族镇中心学校,10:48:34,34,58.36,64.38,74.2,SC8434,B738,126.12,45.5,0,8.3,994.1,31.8,0.8,9902.148615975177,1743418114
2025-03-31 10:49:12,126.0597954,45.4369435,2203.1,482.07118,6.5,232.829892,农丰满族锡伯族镇中心学校,10:49:45,47,74.78,77.79,83.9,CZ6209,A321NEO,126.12,45.5,0,8.3,994.1,31.5,0.4,8726.898405332158,1743418152
2025-03-31 11:32:34,126.153868,45.560795,1217.1,337.578108,5.2,230.074775,厢白头屯,11:32:48,31,63.73,63.73,79.5,CA1644,B737,126.181,45.535,0,7.4,993.6,31.4,2.3,3767.25945452204,1743420754
2025-03-31 11:39:46,126.2395568,45.6749715,1264.9,341.918718,4.9,210.176345,半岛世家,11:40:02,33,66.35,78.11,72.9,EU2796,ARJ21,126.279,45.631,0,7.3,993.6,29.8,1.4,5911.297462436446,1743421186
2025-03-31 12:15:40,126.1503603,45.5270847,1101.7,420.342368,12.0,219.816298,厢白二屯,12:15:56,53,73.88,79.9,82.5,ZH9757,A320NEO,126.165,45.557,0,7.8,993.5,29.3,2.6,3684.810171311925,1743423340
2025-03-31 12:26:24,126.1125462,45.5085975,1842.4,431.011041,13.4,201.361188,厢白二屯,12:26:38,31,58.31,58.31,72.4,MU2720,A321,126.165,45.557,0,7.7,993.4,29.1,0.8,7009.652428399068,1743423984
2025-03-31 15:45:47,126.2892682,45.7358514,1439.0,332.54353,5.0,190.668704,农丰满族锡伯族镇中心学校,15:45:56,31,73.01,73.01,88.0,ZH9749,A320,126.12,45.5,0,8.5,992.3,26.9,2.7,29388.778667882358,1743435947
